date,price_index
01/01/2008,0.96
02/01/2008,0.99
03/01/2008,0.87
04/01/2008,0.93
05/01/2008,0.88
06/01/2008,0.81
07/01/2008,0.91
08/01/2008,0.9
09/01/2008,0.9
10/01/2008,0.84
11/01/2008,0.82
12/01/2008,0.77
13/01/2008,0.78
14/01/2008,0.76
15/01/2008,0.82
16/01/2008,0.88
17/01/2008,0.89
18/01/2008,0.88
19/01/2008,0.96
20/01/2008,0.9
21/01/2008,0.92
22/01/2008,0.82
23/01/2008,0.84
24/01/2008,0.79
25/01/2008,0.77
26/01/2008,0.68
27/01/2008,0.71
28/01/2008,0.67
29/01/2008,0.65
30/01/2008,0.6
31/01/2008,0.61
01/02/2008,0.58
02/02/2008,0.57
03/02/2008,0.54
04/02/2008,0.52
05/02/2008,0.51
06/02/2008,0.5
07/02/2008,0.47
08/02/2008,0.47
09/02/2008,0.48
10/02/2008,0.45
11/02/2008,0.44
12/02/2008,0.44
13/02/2008,0.49
14/02/2008,0.54
15/02/2008,0.5
16/02/2008,0.48
17/02/2008,0.51
18/02/2008,0.53
19/02/2008,0.51
20/02/2008,0.53
21/02/2008,0.54
22/02/2008,0.54
23/02/2008,0.56
24/02/2008,0.57
25/02/2008,0.59
26/02/2008,0.57
27/02/2008,0.55
28/02/2008,0.54
29/02/2008,0.51
01/03/2008,0.5
02/03/2008,0.48
03/03/2008,0.49
04/03/2008,0.51
05/03/2008,0.49
06/03/2008,0.49
07/03/2008,0.5
08/03/2008,0.51
09/03/2008,0.54
10/03/2008,0.59
11/03/2008,0.56
12/03/2008,0.57
13/03/2008,0.56
14/03/2008,0.53
15/03/2008,0.56
16/03/2008,0.54
17/03/2008,0.56
18/03/2008,0.52
19/03/2008,0.52
20/03/2008,0.51
21/03/2008,0.5
22/03/2008,0.46
23/03/2008,0.47
24/03/2008,0.44
25/03/2008,0.39
26/03/2008,0.39
27/03/2008,0.38
28/03/2008,0.39
29/03/2008,0.38
30/03/2008,0.4
31/03/2008,0.38
01/04/2008,0.35
02/04/2008,0.37
03/04/2008,0.37
04/04/2008,0.4
05/04/2008,0.42
06/04/2008,0.41
07/04/2008,0.4
08/04/2008,0.39
09/04/2008,0.39
10/04/2008,0.38
11/04/2008,0.39
12/04/2008,0.39
13/04/2008,0.38
14/04/2008,0.38
15/04/2008,0.38
16/04/2008,0.37
17/04/2008,0.39
18/04/2008,0.42
19/04/2008,0.43
20/04/2008,0.42
21/04/2008,0.42
22/04/2008,0.4
23/04/2008,0.4
24/04/2008,0.38
25/04/2008,0.37
26/04/2008,0.39
27/04/2008,0.4
28/04/2008,0.4
29/04/2008,0.4
30/04/2008,0.42
01/05/2008,0.44
02/05/2008,0.44
03/05/2008,0.48
04/05/2008,0.48
05/05/2008,0.49
06/05/2008,0.5
07/05/2008,0.46
08/05/2008,0.45
09/05/2008,0.44
10/05/2008,0.44
11/05/2008,0.45
12/05/2008,0.49
13/05/2008,0.5
14/05/2008,0.52
15/05/2008,0.52
16/05/2008,0.51
17/05/2008,0.5
18/05/2008,0.51
19/05/2008,0.5
20/05/2008,0.46
21/05/2008,0.46
22/05/2008,0.45
23/05/2008,0.43
24/05/2008,0.45
25/05/2008,0.49
26/05/2008,0.49
27/05/2008,0.49
28/05/2008,0.53
29/05/2008,0.5
30/05/2008,0.51
31/05/2008,0.5
01/06/2008,0.52
02/06/2008,0.54
03/06/2008,0.53
04/06/2008,0.5
05/06/2008,0.47
06/06/2008,0.47
07/06/2008,0.47
08/06/2008,0.45
09/06/2008,0.49
10/06/2008,0.51
11/06/2008,0.5
12/06/2008,0.57
13/06/2008,0.55
14/06/2008,0.58
15/06/2008,0.58
16/06/2008,0.59
17/06/2008,0.57
18/06/2008,0.58
19/06/2008,0.6
20/06/2008,0.6
21/06/2008,0.65
22/06/2008,0.65
23/06/2008,0.62
24/06/2008,0.61
25/06/2008,0.59
26/06/2008,0.58
27/06/2008,0.55
28/06/2008,0.55
29/06/2008,0.55
30/06/2008,0.56
01/07/2008,0.54
02/07/2008,0.55
03/07/2008,0.56
04/07/2008,0.56
05/07/2008,0.62
06/07/2008,0.6
07/07/2008,0.61
08/07/2008,0.63
09/07/2008,0.61
10/07/2008,0.65
11/07/2008,0.72
12/07/2008,0.75
13/07/2008,0.73
14/07/2008,0.77
15/07/2008,0.76
16/07/2008,0.77
17/07/2008,0.76
18/07/2008,0.82
19/07/2008,0.76
20/07/2008,0.74
21/07/2008,0.69
22/07/2008,0.7
23/07/2008,0.69
24/07/2008,0.68
25/07/2008,0.73
26/07/2008,0.79
27/07/2008,0.73
28/07/2008,0.71
29/07/2008,0.67
30/07/2008,0.68
31/07/2008,0.66
01/08/2008,0.68
02/08/2008,0.64
03/08/2008,0.68
04/08/2008,0.66
05/08/2008,0.64
06/08/2008,0.62
07/08/2008,0.61
08/08/2008,0.6
09/08/2008,0.56
10/08/2008,0.56
11/08/2008,0.54
12/08/2008,0.53
13/08/2008,0.49
14/08/2008,0.46
15/08/2008,0.49
16/08/2008,0.49
17/08/2008,0.49
18/08/2008,0.52
19/08/2008,0.48
20/08/2008,0.5
21/08/2008,0.46
22/08/2008,0.46
23/08/2008,0.45
24/08/2008,0.44
25/08/2008,0.44
26/08/2008,0.44
27/08/2008,0.41
28/08/2008,0.39
29/08/2008,0.39
30/08/2008,0.39
31/08/2008,0.4
01/09/2008,0.41
02/09/2008,0.4
03/09/2008,0.4
04/09/2008,0.43
05/09/2008,0.42
06/09/2008,0.4
07/09/2008,0.43
08/09/2008,0.45
09/09/2008,0.46
10/09/2008,0.45
11/09/2008,0.44
12/09/2008,0.43
13/09/2008,0.46
14/09/2008,0.44
15/09/2008,0.44
16/09/2008,0.45
17/09/2008,0.42
18/09/2008,0.38
19/09/2008,0.37
20/09/2008,0.34
21/09/2008,0.35
22/09/2008,0.35
23/09/2008,0.33
24/09/2008,0.3
25/09/2008,0.33
26/09/2008,0.33
27/09/2008,0.29
28/09/2008,0.29
29/09/2008,0.29
30/09/2008,0.29
01/10/2008,0.31
02/10/2008,0.31
03/10/2008,0.32
04/10/2008,0.33
05/10/2008,0.32
06/10/2008,0.33
07/10/2008,0.32
08/10/2008,0.34
09/10/2008,0.35
10/10/2008,0.38
11/10/2008,0.4
12/10/2008,0.4
13/10/2008,0.4
14/10/2008,0.36
15/10/2008,0.39
16/10/2008,0.39
17/10/2008,0.37
18/10/2008,0.35
19/10/2008,0.34
20/10/2008,0.34
21/10/2008,0.35
22/10/2008,0.34
23/10/2008,0.33
24/10/2008,0.35
25/10/2008,0.35
26/10/2008,0.37
27/10/2008,0.38
28/10/2008,0.41
29/10/2008,0.44
30/10/2008,0.45
31/10/2008,0.46
01/11/2008,0.44
02/11/2008,0.43
03/11/2008,0.43
04/11/2008,0.4
05/11/2008,0.4
06/11/2008,0.39
07/11/2008,0.37
08/11/2008,0.36
09/11/2008,0.34
10/11/2008,0.32
11/11/2008,0.31
12/11/2008,0.3
13/11/2008,0.3
14/11/2008,0.32
15/11/2008,0.32
16/11/2008,0.31
17/11/2008,0.31
18/11/2008,0.31
19/11/2008,0.31
20/11/2008,0.29
21/11/2008,0.28
22/11/2008,0.28
23/11/2008,0.28
24/11/2008,0.27
25/11/2008,0.24
26/11/2008,0.25
27/11/2008,0.25
28/11/2008,0.27
29/11/2008,0.27
30/11/2008,0.28
01/12/2008,0.27
02/12/2008,0.28
03/12/2008,0.27
04/12/2008,0.28
05/12/2008,0.29
06/12/2008,0.29
07/12/2008,0.29
08/12/2008,0.29
09/12/2008,0.3
10/12/2008,0.3
11/12/2008,0.33
12/12/2008,0.36
13/12/2008,0.35
14/12/2008,0.35
15/12/2008,0.35
16/12/2008,0.35
17/12/2008,0.34
18/12/2008,0.33
19/12/2008,0.33
20/12/2008,0.31
21/12/2008,0.33
22/12/2008,0.31
23/12/2008,0.33
24/12/2008,0.31
25/12/2008,0.29
26/12/2008,0.27
27/12/2008,0.26
28/12/2008,0.26
29/12/2008,0.27
30/12/2008,0.26
31/12/2008,0.27
01/01/2009,0.26
02/01/2009,0.28
03/01/2009,0.28
04/01/2009,0.28
05/01/2009,0.26
06/01/2009,0.27
07/01/2009,0.27
08/01/2009,0.27
09/01/2009,0.27
10/01/2009,0.27
11/01/2009,0.29
12/01/2009,0.3
13/01/2009,0.28
14/01/2009,0.26
15/01/2009,0.26
16/01/2009,0.28
17/01/2009,0.26
18/01/2009,0.26
19/01/2009,0.24
20/01/2009,0.24
21/01/2009,0.23
22/01/2009,0.22
23/01/2009,0.23
24/01/2009,0.25
25/01/2009,0.25
26/01/2009,0.24
27/01/2009,0.25
28/01/2009,0.28
29/01/2009,0.3
30/01/2009,0.3
31/01/2009,0.3
01/02/2009,0.3
02/02/2009,0.3
03/02/2009,0.29
04/02/2009,0.29
05/02/2009,0.27
06/02/2009,0.26
07/02/2009,0.27
08/02/2009,0.26
09/02/2009,0.24
10/02/2009,0.25
11/02/2009,0.25
12/02/2009,0.24
13/02/2009,0.26
14/02/2009,0.26
15/02/2009,0.25
16/02/2009,0.24
17/02/2009,0.22
18/02/2009,0.21
19/02/2009,0.21
20/02/2009,0.2
21/02/2009,0.21
22/02/2009,0.24
23/02/2009,0.25
24/02/2009,0.24
25/02/2009,0.24
26/02/2009,0.27
27/02/2009,0.24
28/02/2009,0.25
01/03/2009,0.25
02/03/2009,0.29
03/03/2009,0.29
04/03/2009,0.29
05/03/2009,0.29
06/03/2009,0.3
07/03/2009,0.31
08/03/2009,0.35
09/03/2009,0.37
10/03/2009,0.38
11/03/2009,0.34
12/03/2009,0.33
13/03/2009,0.32
14/03/2009,0.33
15/03/2009,0.31
16/03/2009,0.32
17/03/2009,0.31
18/03/2009,0.33
19/03/2009,0.33
20/03/2009,0.32
21/03/2009,0.31
22/03/2009,0.33
23/03/2009,0.31
24/03/2009,0.3
25/03/2009,0.3
26/03/2009,0.32
27/03/2009,0.31
28/03/2009,0.32
29/03/2009,0.3
30/03/2009,0.3
31/03/2009,0.3
01/04/2009,0.28
02/04/2009,0.28
03/04/2009,0.27
04/04/2009,0.28
05/04/2009,0.28
06/04/2009,0.29
07/04/2009,0.29
08/04/2009,0.29
09/04/2009,0.28
10/04/2009,0.32
11/04/2009,0.33
12/04/2009,0.32
13/04/2009,0.32
14/04/2009,0.32
15/04/2009,0.34
16/04/2009,0.32
17/04/2009,0.3
18/04/2009,0.3
19/04/2009,0.31
20/04/2009,0.33
21/04/2009,0.36
22/04/2009,0.37
23/04/2009,0.37
24/04/2009,0.39
25/04/2009,0.4
26/04/2009,0.41
27/04/2009,0.42
28/04/2009,0.39
29/04/2009,0.4
30/04/2009,0.39
01/05/2009,0.36
02/05/2009,0.38
03/05/2009,0.37
04/05/2009,0.39
05/05/2009,0.41
06/05/2009,0.4
07/05/2009,0.4
08/05/2009,0.42
09/05/2009,0.42
10/05/2009,0.45
11/05/2009,0.42
12/05/2009,0.41
13/05/2009,0.46
14/05/2009,0.47
15/05/2009,0.5
16/05/2009,0.48
17/05/2009,0.51
18/05/2009,0.55
19/05/2009,0.58
20/05/2009,0.56
21/05/2009,0.55
22/05/2009,0.52
23/05/2009,0.53
24/05/2009,0.51
25/05/2009,0.51
26/05/2009,0.54
27/05/2009,0.5
28/05/2009,0.48
29/05/2009,0.47
30/05/2009,0.44
31/05/2009,0.46
01/06/2009,0.44
02/06/2009,0.44
03/06/2009,0.44
04/06/2009,0.44
05/06/2009,0.44
06/06/2009,0.48
07/06/2009,0.51
08/06/2009,0.49
09/06/2009,0.48
10/06/2009,0.48
11/06/2009,0.52
12/06/2009,0.57
13/06/2009,0.58
14/06/2009,0.6
15/06/2009,0.56
16/06/2009,0.6
17/06/2009,0.62
18/06/2009,0.6
19/06/2009,0.56
20/06/2009,0.5
21/06/2009,0.5
22/06/2009,0.48
23/06/2009,0.46
24/06/2009,0.49
25/06/2009,0.48
26/06/2009,0.48
27/06/2009,0.47
28/06/2009,0.43
29/06/2009,0.4
30/06/2009,0.41
01/07/2009,0.4
02/07/2009,0.39
03/07/2009,0.36
04/07/2009,0.36
05/07/2009,0.37
06/07/2009,0.38
07/07/2009,0.38
08/07/2009,0.37
09/07/2009,0.42
10/07/2009,0.43
11/07/2009,0.41
12/07/2009,0.41
13/07/2009,0.43
14/07/2009,0.42
15/07/2009,0.42
16/07/2009,0.42
17/07/2009,0.43
18/07/2009,0.44
19/07/2009,0.44
20/07/2009,0.44
21/07/2009,0.46
22/07/2009,0.42
23/07/2009,0.42
24/07/2009,0.42
25/07/2009,0.38
26/07/2009,0.36
27/07/2009,0.37
28/07/2009,0.36
29/07/2009,0.34
30/07/2009,0.34
31/07/2009,0.3
01/08/2009,0.28
02/08/2009,0.3
03/08/2009,0.29
04/08/2009,0.29
05/08/2009,0.32
06/08/2009,0.3
07/08/2009,0.32
08/08/2009,0.33
09/08/2009,0.32
10/08/2009,0.33
11/08/2009,0.35
12/08/2009,0.35
13/08/2009,0.36
14/08/2009,0.36
15/08/2009,0.37
16/08/2009,0.35
17/08/2009,0.33
18/08/2009,0.31
19/08/2009,0.32
20/08/2009,0.29
21/08/2009,0.3
22/08/2009,0.29
23/08/2009,0.32
24/08/2009,0.3
25/08/2009,0.27
26/08/2009,0.26
27/08/2009,0.25
28/08/2009,0.27
29/08/2009,0.27
30/08/2009,0.27
31/08/2009,0.26
01/09/2009,0.24
02/09/2009,0.25
03/09/2009,0.27
04/09/2009,0.27
05/09/2009,0.29
06/09/2009,0.3
07/09/2009,0.28
08/09/2009,0.31
09/09/2009,0.31
10/09/2009,0.32
11/09/2009,0.3
12/09/2009,0.3
13/09/2009,0.32
14/09/2009,0.31
15/09/2009,0.27
16/09/2009,0.26
17/09/2009,0.25
18/09/2009,0.27
19/09/2009,0.28
20/09/2009,0.26
21/09/2009,0.25
22/09/2009,0.26
23/09/2009,0.26
24/09/2009,0.28
25/09/2009,0.28
26/09/2009,0.27
27/09/2009,0.25
28/09/2009,0.25
29/09/2009,0.24
30/09/2009,0.23
01/10/2009,0.22
02/10/2009,0.23
03/10/2009,0.23
04/10/2009,0.23
05/10/2009,0.23
06/10/2009,0.22
07/10/2009,0.2
08/10/2009,0.2
09/10/2009,0.22
10/10/2009,0.22
11/10/2009,0.23
12/10/2009,0.23
13/10/2009,0.23
14/10/2009,0.23
15/10/2009,0.24
16/10/2009,0.25
17/10/2009,0.24
18/10/2009,0.23
19/10/2009,0.24
20/10/2009,0.24
21/10/2009,0.25
22/10/2009,0.25
23/10/2009,0.25
24/10/2009,0.26
25/10/2009,0.28
26/10/2009,0.31
27/10/2009,0.33
28/10/2009,0.35
29/10/2009,0.34
30/10/2009,0.35
31/10/2009,0.36
01/11/2009,0.37
02/11/2009,0.36
03/11/2009,0.41
04/11/2009,0.41
05/11/2009,0.41
06/11/2009,0.37
07/11/2009,0.33
08/11/2009,0.31
09/11/2009,0.31
10/11/2009,0.32
11/11/2009,0.31
12/11/2009,0.3
13/11/2009,0.3
14/11/2009,0.28
15/11/2009,0.28
16/11/2009,0.27
17/11/2009,0.26
18/11/2009,0.24
19/11/2009,0.22
20/11/2009,0.23
21/11/2009,0.23
22/11/2009,0.25
23/11/2009,0.27
24/11/2009,0.3
25/11/2009,0.27
26/11/2009,0.29
27/11/2009,0.29
28/11/2009,0.29
29/11/2009,0.3
30/11/2009,0.31
01/12/2009,0.31
02/12/2009,0.31
03/12/2009,0.3
04/12/2009,0.32
05/12/2009,0.32
06/12/2009,0.31
07/12/2009,0.3
08/12/2009,0.3
09/12/2009,0.29
10/12/2009,0.31
11/12/2009,0.35
12/12/2009,0.34
13/12/2009,0.32
14/12/2009,0.34
15/12/2009,0.34
16/12/2009,0.37
17/12/2009,0.36
18/12/2009,0.36
19/12/2009,0.32
20/12/2009,0.32
21/12/2009,0.32
22/12/2009,0.35
23/12/2009,0.38
24/12/2009,0.42
25/12/2009,0.44
26/12/2009,0.44
27/12/2009,0.45
28/12/2009,0.45
29/12/2009,0.44
30/12/2009,0.42
31/12/2009,0.43
01/01/2010,0.4
02/01/2010,0.4
03/01/2010,0.42
04/01/2010,0.44
05/01/2010,0.45
06/01/2010,0.43
07/01/2010,0.44
08/01/2010,0.45
09/01/2010,0.44
10/01/2010,0.47
11/01/2010,0.46
12/01/2010,0.45
13/01/2010,0.45
14/01/2010,0.45
15/01/2010,0.43
16/01/2010,0.42
17/01/2010,0.43
18/01/2010,0.43
19/01/2010,0.43
20/01/2010,0.43
21/01/2010,0.44
22/01/2010,0.42
23/01/2010,0.42
24/01/2010,0.42
25/01/2010,0.43
26/01/2010,0.43
27/01/2010,0.43
28/01/2010,0.42
29/01/2010,0.43
30/01/2010,0.44
31/01/2010,0.45
01/02/2010,0.45
02/02/2010,0.47
03/02/2010,0.47
04/02/2010,0.5
05/02/2010,0.5
06/02/2010,0.52
07/02/2010,0.53
08/02/2010,0.48
09/02/2010,0.5
10/02/2010,0.51
11/02/2010,0.52
12/02/2010,0.52
13/02/2010,0.51
14/02/2010,0.51
15/02/2010,0.52
16/02/2010,0.49
17/02/2010,0.49
18/02/2010,0.5
19/02/2010,0.5
20/02/2010,0.52
21/02/2010,0.56
22/02/2010,0.53
23/02/2010,0.57
24/02/2010,0.52
25/02/2010,0.45
26/02/2010,0.49
27/02/2010,0.49
28/02/2010,0.5
01/03/2010,0.5
02/03/2010,0.47
03/03/2010,0.47
04/03/2010,0.46
05/03/2010,0.44
06/03/2010,0.41
07/03/2010,0.42
08/03/2010,0.42
09/03/2010,0.45
10/03/2010,0.48
11/03/2010,0.51
12/03/2010,0.53
13/03/2010,0.48
14/03/2010,0.47
15/03/2010,0.49
16/03/2010,0.47
17/03/2010,0.45
18/03/2010,0.43
19/03/2010,0.45
20/03/2010,0.46
21/03/2010,0.5
22/03/2010,0.48
23/03/2010,0.43
24/03/2010,0.43
25/03/2010,0.47
26/03/2010,0.49
27/03/2010,0.48
28/03/2010,0.5
29/03/2010,0.5
30/03/2010,0.48
31/03/2010,0.47
01/04/2010,0.45
02/04/2010,0.42
03/04/2010,0.42
04/04/2010,0.41
05/04/2010,0.44
06/04/2010,0.44
07/04/2010,0.46
08/04/2010,0.48
09/04/2010,0.53
10/04/2010,0.48
11/04/2010,0.48
12/04/2010,0.49
13/04/2010,0.45
14/04/2010,0.5
15/04/2010,0.55
16/04/2010,0.55
17/04/2010,0.56
18/04/2010,0.56
19/04/2010,0.52
20/04/2010,0.54
21/04/2010,0.57
22/04/2010,0.59
23/04/2010,0.62
24/04/2010,0.59
25/04/2010,0.56
26/04/2010,0.53
27/04/2010,0.56
28/04/2010,0.52
29/04/2010,0.58
30/04/2010,0.55
01/05/2010,0.53
02/05/2010,0.54
03/05/2010,0.52
04/05/2010,0.57
05/05/2010,0.59
06/05/2010,0.63
07/05/2010,0.65
08/05/2010,0.64
09/05/2010,0.62
10/05/2010,0.64
11/05/2010,0.64
12/05/2010,0.63
13/05/2010,0.62
14/05/2010,0.59
15/05/2010,0.6
16/05/2010,0.6
17/05/2010,0.61
18/05/2010,0.62
19/05/2010,0.59
20/05/2010,0.56
21/05/2010,0.6
22/05/2010,0.53
23/05/2010,0.54
24/05/2010,0.56
25/05/2010,0.54
26/05/2010,0.55
27/05/2010,0.53
28/05/2010,0.52
29/05/2010,0.47
30/05/2010,0.49
31/05/2010,0.51
01/06/2010,0.47
02/06/2010,0.45
03/06/2010,0.45
04/06/2010,0.44
05/06/2010,0.43
06/06/2010,0.42
07/06/2010,0.45
08/06/2010,0.47
09/06/2010,0.48
10/06/2010,0.45
11/06/2010,0.45
12/06/2010,0.46
13/06/2010,0.45
14/06/2010,0.47
15/06/2010,0.45
16/06/2010,0.49
17/06/2010,0.49
18/06/2010,0.53
19/06/2010,0.52
20/06/2010,0.55
21/06/2010,0.56
22/06/2010,0.57
23/06/2010,0.54
24/06/2010,0.55
25/06/2010,0.57
26/06/2010,0.57
27/06/2010,0.62
28/06/2010,0.63
29/06/2010,0.64
30/06/2010,0.62
01/07/2010,0.55
02/07/2010,0.56
03/07/2010,0.55
04/07/2010,0.54
05/07/2010,0.55
06/07/2010,0.57
07/07/2010,0.58
08/07/2010,0.57
09/07/2010,0.59
10/07/2010,0.55
11/07/2010,0.55
12/07/2010,0.51
13/07/2010,0.5
14/07/2010,0.48
15/07/2010,0.47
16/07/2010,0.47
17/07/2010,0.47
18/07/2010,0.46
19/07/2010,0.45
20/07/2010,0.46
21/07/2010,0.44
22/07/2010,0.45
23/07/2010,0.4
24/07/2010,0.39
25/07/2010,0.39
26/07/2010,0.4
27/07/2010,0.39
28/07/2010,0.37
29/07/2010,0.4
30/07/2010,0.41
31/07/2010,0.42
01/08/2010,0.47
02/08/2010,0.45
03/08/2010,0.41
04/08/2010,0.44
05/08/2010,0.47
06/08/2010,0.45
07/08/2010,0.43
08/08/2010,0.44
09/08/2010,0.44
10/08/2010,0.48
11/08/2010,0.48
12/08/2010,0.47
13/08/2010,0.5
14/08/2010,0.52
15/08/2010,0.51
16/08/2010,0.57
17/08/2010,0.61
18/08/2010,0.58
19/08/2010,0.59
20/08/2010,0.61
21/08/2010,0.62
22/08/2010,0.63
23/08/2010,0.64
24/08/2010,0.63
25/08/2010,0.67
26/08/2010,0.61
27/08/2010,0.61
28/08/2010,0.62
29/08/2010,0.67
30/08/2010,0.65
31/08/2010,0.7
01/09/2010,0.73
02/09/2010,0.68
03/09/2010,0.69
04/09/2010,0.69
05/09/2010,0.76
06/09/2010,0.77
07/09/2010,0.79
08/09/2010,0.74
09/09/2010,0.74
10/09/2010,0.77
11/09/2010,0.7
12/09/2010,0.66
13/09/2010,0.68
14/09/2010,0.71
15/09/2010,0.69
16/09/2010,0.72
17/09/2010,0.7
18/09/2010,0.67
19/09/2010,0.72
20/09/2010,0.71
21/09/2010,0.72
22/09/2010,0.73
23/09/2010,0.78
24/09/2010,0.85
25/09/2010,0.82
26/09/2010,0.82
27/09/2010,0.84
28/09/2010,0.82
29/09/2010,0.82
30/09/2010,0.84
01/10/2010,0.86
02/10/2010,0.88
03/10/2010,0.91
04/10/2010,0.93
05/10/2010,0.98
06/10/2010,0.99
07/10/2010,1.01
08/10/2010,0.96
09/10/2010,0.91
10/10/2010,0.97
11/10/2010,0.94
12/10/2010,1.02
13/10/2010,1.08
14/10/2010,1.07
15/10/2010,1.11
16/10/2010,1.06
17/10/2010,1.06
18/10/2010,1.03
19/10/2010,1.01
20/10/2010,1.06
21/10/2010,1.14
22/10/2010,1.23
23/10/2010,1.2
24/10/2010,1.22
25/10/2010,1.28
26/10/2010,1.18
27/10/2010,1.15
28/10/2010,1.12
29/10/2010,1.16
30/10/2010,1.19
31/10/2010,1.11
01/11/2010,1.18
02/11/2010,1.21
03/11/2010,1.13
04/11/2010,1.15
05/11/2010,1.1
06/11/2010,1.15
07/11/2010,1.18
08/11/2010,1.18
09/11/2010,1.14
10/11/2010,1.05
11/11/2010,1.03
12/11/2010,1.03
13/11/2010,1.01
14/11/2010,0.99
15/11/2010,0.96
16/11/2010,0.95
17/11/2010,1.04
18/11/2010,1.0
19/11/2010,0.91
20/11/2010,0.89
21/11/2010,0.86
22/11/2010,0.74
23/11/2010,0.77
24/11/2010,0.76
25/11/2010,0.77
26/11/2010,0.75
27/11/2010,0.73
28/11/2010,0.73
29/11/2010,0.71
30/11/2010,0.67
01/12/2010,0.66
02/12/2010,0.69
03/12/2010,0.73
04/12/2010,0.76
05/12/2010,0.74
06/12/2010,0.7
07/12/2010,0.7
08/12/2010,0.68
09/12/2010,0.7
10/12/2010,0.73
11/12/2010,0.71
12/12/2010,0.74
13/12/2010,0.73
14/12/2010,0.69
15/12/2010,0.67
16/12/2010,0.7
17/12/2010,0.65
18/12/2010,0.65
19/12/2010,0.57
20/12/2010,0.56
21/12/2010,0.56
22/12/2010,0.55
23/12/2010,0.52
24/12/2010,0.46
25/12/2010,0.45
26/12/2010,0.45
27/12/2010,0.44
28/12/2010,0.41
29/12/2010,0.4
30/12/2010,0.4
31/12/2010,0.43
01/01/2011,0.41
02/01/2011,0.42
03/01/2011,0.4
04/01/2011,0.41
05/01/2011,0.42
06/01/2011,0.4
07/01/2011,0.41
08/01/2011,0.42
09/01/2011,0.44
10/01/2011,0.42
11/01/2011,0.42
12/01/2011,0.45
13/01/2011,0.44
14/01/2011,0.43
15/01/2011,0.42
16/01/2011,0.4
17/01/2011,0.37
18/01/2011,0.36
19/01/2011,0.33
20/01/2011,0.34
21/01/2011,0.36
22/01/2011,0.36
23/01/2011,0.36
24/01/2011,0.34
25/01/2011,0.37
26/01/2011,0.35
27/01/2011,0.31
28/01/2011,0.32
29/01/2011,0.3
30/01/2011,0.3
31/01/2011,0.33
01/02/2011,0.35
02/02/2011,0.36
03/02/2011,0.34
04/02/2011,0.32
05/02/2011,0.33
06/02/2011,0.35
07/02/2011,0.36
08/02/2011,0.38
09/02/2011,0.36
10/02/2011,0.35
11/02/2011,0.38
12/02/2011,0.36
13/02/2011,0.37
14/02/2011,0.41
15/02/2011,0.41
16/02/2011,0.42
17/02/2011,0.41
18/02/2011,0.39
19/02/2011,0.39
20/02/2011,0.38
21/02/2011,0.37
22/02/2011,0.38
23/02/2011,0.35
24/02/2011,0.38
25/02/2011,0.39
26/02/2011,0.37
27/02/2011,0.39
28/02/2011,0.39
01/03/2011,0.41
02/03/2011,0.43
03/03/2011,0.44
04/03/2011,0.43
05/03/2011,0.4
06/03/2011,0.42
07/03/2011,0.42
08/03/2011,0.47
09/03/2011,0.44
10/03/2011,0.44
11/03/2011,0.42
12/03/2011,0.43
13/03/2011,0.41
14/03/2011,0.38
15/03/2011,0.4
16/03/2011,0.39
17/03/2011,0.38
18/03/2011,0.4
19/03/2011,0.44
20/03/2011,0.44
21/03/2011,0.44
22/03/2011,0.41
23/03/2011,0.42
24/03/2011,0.43
25/03/2011,0.43
26/03/2011,0.41
27/03/2011,0.43
28/03/2011,0.42
29/03/2011,0.38
30/03/2011,0.43
31/03/2011,0.44
01/04/2011,0.44
02/04/2011,0.45
03/04/2011,0.44
04/04/2011,0.46
05/04/2011,0.42
06/04/2011,0.4
07/04/2011,0.38
08/04/2011,0.36
09/04/2011,0.36
10/04/2011,0.38
11/04/2011,0.39
12/04/2011,0.37
13/04/2011,0.36
14/04/2011,0.36
15/04/2011,0.39
16/04/2011,0.4
17/04/2011,0.45
18/04/2011,0.46
19/04/2011,0.41
20/04/2011,0.41
21/04/2011,0.4
22/04/2011,0.42
23/04/2011,0.42
24/04/2011,0.4
25/04/2011,0.4
26/04/2011,0.42
27/04/2011,0.44
28/04/2011,0.43
29/04/2011,0.41
30/04/2011,0.4
01/05/2011,0.4
02/05/2011,0.42
03/05/2011,0.4
04/05/2011,0.4
05/05/2011,0.41
06/05/2011,0.4
07/05/2011,0.41
08/05/2011,0.38
09/05/2011,0.35
10/05/2011,0.35
11/05/2011,0.35
12/05/2011,0.36
13/05/2011,0.39
14/05/2011,0.38
15/05/2011,0.4
16/05/2011,0.38
17/05/2011,0.39
18/05/2011,0.37
19/05/2011,0.4
20/05/2011,0.39
21/05/2011,0.36
22/05/2011,0.4
23/05/2011,0.4
24/05/2011,0.4
25/05/2011,0.41
26/05/2011,0.4
27/05/2011,0.37
28/05/2011,0.33
29/05/2011,0.31
30/05/2011,0.29
31/05/2011,0.29
01/06/2011,0.27
02/06/2011,0.28
03/06/2011,0.28
04/06/2011,0.3
05/06/2011,0.28
06/06/2011,0.28
07/06/2011,0.28
08/06/2011,0.28
09/06/2011,0.28
10/06/2011,0.24
11/06/2011,0.25
12/06/2011,0.24
13/06/2011,0.26
14/06/2011,0.28
15/06/2011,0.28
16/06/2011,0.31
17/06/2011,0.31
18/06/2011,0.32
19/06/2011,0.33
20/06/2011,0.33
21/06/2011,0.32
22/06/2011,0.36
23/06/2011,0.33
24/06/2011,0.3
25/06/2011,0.29
26/06/2011,0.28
27/06/2011,0.3
28/06/2011,0.3
29/06/2011,0.29
30/06/2011,0.31
01/07/2011,0.29
02/07/2011,0.3
03/07/2011,0.28
04/07/2011,0.28
05/07/2011,0.29
06/07/2011,0.31
07/07/2011,0.32
08/07/2011,0.33
09/07/2011,0.32
10/07/2011,0.33
11/07/2011,0.32
12/07/2011,0.32
13/07/2011,0.32
14/07/2011,0.29
15/07/2011,0.3
16/07/2011,0.28
17/07/2011,0.28
18/07/2011,0.27
19/07/2011,0.26
20/07/2011,0.23
21/07/2011,0.26
22/07/2011,0.24
23/07/2011,0.26
24/07/2011,0.26
25/07/2011,0.27
26/07/2011,0.28
27/07/2011,0.26
28/07/2011,0.25
29/07/2011,0.24
30/07/2011,0.26
31/07/2011,0.27
01/08/2011,0.26
02/08/2011,0.27
03/08/2011,0.29
04/08/2011,0.31
05/08/2011,0.3
06/08/2011,0.33
07/08/2011,0.34
08/08/2011,0.35
09/08/2011,0.35
10/08/2011,0.32
11/08/2011,0.31
12/08/2011,0.31
13/08/2011,0.29
14/08/2011,0.29
15/08/2011,0.29
16/08/2011,0.28
17/08/2011,0.29
18/08/2011,0.3
19/08/2011,0.3
20/08/2011,0.32
21/08/2011,0.32
22/08/2011,0.34
23/08/2011,0.35
24/08/2011,0.35
25/08/2011,0.34
26/08/2011,0.31
27/08/2011,0.3
28/08/2011,0.33
29/08/2011,0.32
30/08/2011,0.31
31/08/2011,0.33
01/09/2011,0.34
02/09/2011,0.35
03/09/2011,0.37
04/09/2011,0.36
05/09/2011,0.37
06/09/2011,0.38
07/09/2011,0.36
08/09/2011,0.4
09/09/2011,0.42
10/09/2011,0.4
11/09/2011,0.39
12/09/2011,0.36
13/09/2011,0.37
14/09/2011,0.4
15/09/2011,0.4
16/09/2011,0.37
17/09/2011,0.37
18/09/2011,0.34
19/09/2011,0.34
20/09/2011,0.37
21/09/2011,0.35
22/09/2011,0.34
23/09/2011,0.32
24/09/2011,0.3
25/09/2011,0.31
26/09/2011,0.32
27/09/2011,0.32
28/09/2011,0.3
29/09/2011,0.33
30/09/2011,0.33
01/10/2011,0.31
02/10/2011,0.33
03/10/2011,0.33
04/10/2011,0.32
05/10/2011,0.29
06/10/2011,0.28
07/10/2011,0.27
08/10/2011,0.28
09/10/2011,0.28
10/10/2011,0.27
11/10/2011,0.26
12/10/2011,0.23
13/10/2011,0.25
14/10/2011,0.24
15/10/2011,0.25
16/10/2011,0.27
17/10/2011,0.28
18/10/2011,0.26
19/10/2011,0.28
20/10/2011,0.29
21/10/2011,0.29
22/10/2011,0.3
23/10/2011,0.32
24/10/2011,0.32
25/10/2011,0.32
26/10/2011,0.29
27/10/2011,0.3
28/10/2011,0.3
29/10/2011,0.33
30/10/2011,0.34
31/10/2011,0.31
01/11/2011,0.33
02/11/2011,0.33
03/11/2011,0.35
04/11/2011,0.36
05/11/2011,0.37
06/11/2011,0.38
07/11/2011,0.39
08/11/2011,0.43
09/11/2011,0.43
10/11/2011,0.44
11/11/2011,0.43
12/11/2011,0.44
13/11/2011,0.46
14/11/2011,0.48
15/11/2011,0.53
16/11/2011,0.56
17/11/2011,0.54
18/11/2011,0.51
19/11/2011,0.57
20/11/2011,0.58
21/11/2011,0.55
22/11/2011,0.51
23/11/2011,0.48
24/11/2011,0.45
25/11/2011,0.47
26/11/2011,0.51
27/11/2011,0.52
28/11/2011,0.55
29/11/2011,0.6
30/11/2011,0.67
01/12/2011,0.72
02/12/2011,0.67
03/12/2011,0.63
04/12/2011,0.59
05/12/2011,0.63
06/12/2011,0.62
07/12/2011,0.62
08/12/2011,0.63
09/12/2011,0.59
10/12/2011,0.61
11/12/2011,0.57
12/12/2011,0.63
13/12/2011,0.69
14/12/2011,0.7
15/12/2011,0.72
16/12/2011,0.71
17/12/2011,0.68
18/12/2011,0.7
19/12/2011,0.74
20/12/2011,0.66
21/12/2011,0.72
22/12/2011,0.69
23/12/2011,0.73
24/12/2011,0.71
25/12/2011,0.68
26/12/2011,0.69
27/12/2011,0.77
28/12/2011,0.82
29/12/2011,0.8
30/12/2011,0.77
31/12/2011,0.72
01/01/2012,0.77
02/01/2012,0.73
03/01/2012,0.78
04/01/2012,0.83
05/01/2012,0.87
06/01/2012,0.86
07/01/2012,0.89
08/01/2012,0.9
09/01/2012,0.92
10/01/2012,0.96
11/01/2012,0.91
12/01/2012,0.81
13/01/2012,0.9
14/01/2012,0.85
15/01/2012,0.78
16/01/2012,0.79
17/01/2012,0.73
18/01/2012,0.78
19/01/2012,0.83
20/01/2012,0.8
21/01/2012,0.77
22/01/2012,0.78
23/01/2012,0.86
24/01/2012,0.87
25/01/2012,0.93
26/01/2012,0.95
27/01/2012,0.98
28/01/2012,0.94
29/01/2012,0.98
30/01/2012,1.02
31/01/2012,0.99
01/02/2012,0.98
02/02/2012,1.05
03/02/2012,1.05
04/02/2012,1.0
05/02/2012,1.03
06/02/2012,1.1
07/02/2012,1.21
08/02/2012,1.28
09/02/2012,1.3
10/02/2012,1.19
11/02/2012,1.27
12/02/2012,1.33
13/02/2012,1.49
14/02/2012,1.41
15/02/2012,1.42
16/02/2012,1.41
17/02/2012,1.51
18/02/2012,1.52
19/02/2012,1.49
20/02/2012,1.42
21/02/2012,1.46
22/02/2012,1.46
23/02/2012,1.49
24/02/2012,1.53
25/02/2012,1.55
26/02/2012,1.51
27/02/2012,1.51
28/02/2012,1.55
29/02/2012,1.54
01/03/2012,1.48
02/03/2012,1.54
03/03/2012,1.52
04/03/2012,1.49
05/03/2012,1.52
06/03/2012,1.6
07/03/2012,1.51
08/03/2012,1.6
09/03/2012,1.67
10/03/2012,1.72
11/03/2012,1.63
12/03/2012,1.61
13/03/2012,1.64
14/03/2012,1.77
15/03/2012,1.66
16/03/2012,1.59
17/03/2012,1.51
18/03/2012,1.45
19/03/2012,1.37
20/03/2012,1.34
21/03/2012,1.24
22/03/2012,1.23
23/03/2012,1.25
24/03/2012,1.27
25/03/2012,1.23
26/03/2012,1.26
27/03/2012,1.28
28/03/2012,1.42
29/03/2012,1.49
30/03/2012,1.64
31/03/2012,1.57
01/04/2012,1.49
02/04/2012,1.6
03/04/2012,1.52
04/04/2012,1.46
05/04/2012,1.54
06/04/2012,1.51
07/04/2012,1.43
08/04/2012,1.44
09/04/2012,1.42
10/04/2012,1.41
11/04/2012,1.46
12/04/2012,1.47
13/04/2012,1.45
14/04/2012,1.51
15/04/2012,1.45
16/04/2012,1.39
17/04/2012,1.41
18/04/2012,1.41
19/04/2012,1.34
20/04/2012,1.5
21/04/2012,1.52
22/04/2012,1.51
23/04/2012,1.45
24/04/2012,1.41
25/04/2012,1.39
26/04/2012,1.4
27/04/2012,1.42
28/04/2012,1.48
29/04/2012,1.31
30/04/2012,1.4
01/05/2012,1.33
02/05/2012,1.39
03/05/2012,1.32
04/05/2012,1.34
05/05/2012,1.23
06/05/2012,1.24
07/05/2012,1.25
08/05/2012,1.25
09/05/2012,1.21
10/05/2012,1.28
11/05/2012,1.21
12/05/2012,1.22
13/05/2012,1.16
14/05/2012,1.18
15/05/2012,1.1
16/05/2012,1.08
17/05/2012,1.07
18/05/2012,1.06
19/05/2012,0.99
20/05/2012,1.05
21/05/2012,1.06
22/05/2012,0.98
23/05/2012,0.98
24/05/2012,0.93
25/05/2012,0.94
26/05/2012,0.97
27/05/2012,0.96
28/05/2012,0.91
29/05/2012,0.86
30/05/2012,0.84
31/05/2012,0.8
01/06/2012,0.79
02/06/2012,0.82
03/06/2012,0.76
04/06/2012,0.77
05/06/2012,0.74
06/06/2012,0.75
07/06/2012,0.77
08/06/2012,0.81
09/06/2012,0.77
10/06/2012,0.78
11/06/2012,0.74
12/06/2012,0.69
13/06/2012,0.69
14/06/2012,0.67
15/06/2012,0.6
16/06/2012,0.62
17/06/2012,0.6
18/06/2012,0.61
19/06/2012,0.6
20/06/2012,0.66
21/06/2012,0.63
22/06/2012,0.64
23/06/2012,0.67
24/06/2012,0.69
25/06/2012,0.72
26/06/2012,0.72
27/06/2012,0.79
28/06/2012,0.82
29/06/2012,0.81
30/06/2012,0.84
01/07/2012,0.88
02/07/2012,0.86
03/07/2012,0.77
04/07/2012,0.77
05/07/2012,0.75
06/07/2012,0.74
07/07/2012,0.78
08/07/2012,0.79
09/07/2012,0.81
10/07/2012,0.79
11/07/2012,0.74
12/07/2012,0.77
13/07/2012,0.74
14/07/2012,0.71
15/07/2012,0.72
16/07/2012,0.66
17/07/2012,0.71
18/07/2012,0.8
19/07/2012,0.79
20/07/2012,0.8
21/07/2012,0.84
22/07/2012,0.77
23/07/2012,0.77
24/07/2012,0.72
25/07/2012,0.72
26/07/2012,0.77
27/07/2012,0.74
28/07/2012,0.75
29/07/2012,0.67
30/07/2012,0.76
31/07/2012,0.78
01/08/2012,0.77
02/08/2012,0.7
03/08/2012,0.66
04/08/2012,0.63
05/08/2012,0.67
06/08/2012,0.65
07/08/2012,0.68
08/08/2012,0.65
09/08/2012,0.66
10/08/2012,0.7
11/08/2012,0.78
12/08/2012,0.75
13/08/2012,0.75
14/08/2012,0.72
15/08/2012,0.73
16/08/2012,0.75
17/08/2012,0.67
18/08/2012,0.69
19/08/2012,0.69
20/08/2012,0.7
21/08/2012,0.72
22/08/2012,0.75
23/08/2012,0.73
24/08/2012,0.74
25/08/2012,0.74
26/08/2012,0.71
27/08/2012,0.73
28/08/2012,0.7
29/08/2012,0.73
30/08/2012,0.7
31/08/2012,0.66
01/09/2012,0.6
02/09/2012,0.61
03/09/2012,0.62
04/09/2012,0.55
05/09/2012,0.5
06/09/2012,0.49
07/09/2012,0.46
08/09/2012,0.5
09/09/2012,0.52
10/09/2012,0.6
11/09/2012,0.56
12/09/2012,0.58
13/09/2012,0.63
14/09/2012,0.68
15/09/2012,0.77
16/09/2012,0.78
17/09/2012,0.81
18/09/2012,0.82
19/09/2012,0.84
20/09/2012,0.89
21/09/2012,0.86
22/09/2012,0.91
23/09/2012,0.89
24/09/2012,0.93
25/09/2012,0.86
26/09/2012,0.9
27/09/2012,0.88
28/09/2012,0.88
29/09/2012,0.92
30/09/2012,0.89
01/10/2012,0.92
02/10/2012,0.82
03/10/2012,0.92
04/10/2012,0.92
05/10/2012,0.93
06/10/2012,0.99
07/10/2012,0.91
08/10/2012,0.94
09/10/2012,0.96
10/10/2012,0.95
11/10/2012,0.88
12/10/2012,0.91
13/10/2012,0.91
14/10/2012,0.87
15/10/2012,0.9
16/10/2012,0.87
17/10/2012,0.94
18/10/2012,0.94
19/10/2012,0.93
20/10/2012,0.92
21/10/2012,0.89
22/10/2012,0.97
23/10/2012,0.98
24/10/2012,0.98
25/10/2012,0.97
26/10/2012,1.0
27/10/2012,1.03
28/10/2012,0.98
29/10/2012,1.02
30/10/2012,0.99
31/10/2012,1.02
01/11/2012,1.0
02/11/2012,0.95
03/11/2012,0.94
04/11/2012,0.91
05/11/2012,0.9
06/11/2012,0.83
07/11/2012,0.85
08/11/2012,0.88
09/11/2012,0.95
10/11/2012,0.94
11/11/2012,0.87
12/11/2012,0.91
13/11/2012,0.93
14/11/2012,1.02
15/11/2012,1.01
16/11/2012,1.01
17/11/2012,0.98
18/11/2012,0.88
19/11/2012,0.84
20/11/2012,0.89
21/11/2012,0.93
22/11/2012,1.0
23/11/2012,0.97
24/11/2012,0.99
25/11/2012,0.94
26/11/2012,0.99
27/11/2012,0.96
28/11/2012,1.0
29/11/2012,0.98
30/11/2012,0.95
01/12/2012,0.96
02/12/2012,1.01
03/12/2012,0.97
04/12/2012,0.96
05/12/2012,0.94
06/12/2012,0.88
07/12/2012,0.86
08/12/2012,0.85
09/12/2012,0.87
10/12/2012,0.82
11/12/2012,0.86
12/12/2012,0.85
13/12/2012,0.87
14/12/2012,0.9
15/12/2012,0.79
16/12/2012,0.79
17/12/2012,0.82
18/12/2012,0.82
19/12/2012,0.76
20/12/2012,0.8
21/12/2012,0.84
22/12/2012,0.84
23/12/2012,0.94
24/12/2012,1.02
25/12/2012,0.96
26/12/2012,0.91
27/12/2012,0.86
28/12/2012,0.93
29/12/2012,0.9
30/12/2012,0.93
31/12/2012,0.94
01/01/2013,0.91
02/01/2013,0.97
03/01/2013,0.96
04/01/2013,0.93
05/01/2013,0.93
06/01/2013,1.0
07/01/2013,1.0
08/01/2013,1.04
09/01/2013,1.1
10/01/2013,1.12
11/01/2013,1.09
12/01/2013,1.05
13/01/2013,1.02
14/01/2013,1.04
15/01/2013,1.08
16/01/2013,1.02
17/01/2013,0.99
18/01/2013,0.96
19/01/2013,0.94
20/01/2013,0.96
21/01/2013,0.96
22/01/2013,1.01
23/01/2013,1.02
24/01/2013,1.01
25/01/2013,1.02
26/01/2013,0.97
27/01/2013,0.86
28/01/2013,0.77
29/01/2013,0.72
30/01/2013,0.77
31/01/2013,0.79
01/02/2013,0.79
02/02/2013,0.76
03/02/2013,0.71
04/02/2013,0.69
05/02/2013,0.7
06/02/2013,0.67
07/02/2013,0.69
08/02/2013,0.65
09/02/2013,0.68
10/02/2013,0.64
11/02/2013,0.66
12/02/2013,0.66
13/02/2013,0.65
14/02/2013,0.7
15/02/2013,0.7
16/02/2013,0.7
17/02/2013,0.71
18/02/2013,0.71
19/02/2013,0.74
20/02/2013,0.83
21/02/2013,0.82
22/02/2013,0.77
23/02/2013,0.83
24/02/2013,0.85
25/02/2013,0.91
26/02/2013,0.95
27/02/2013,0.98
28/02/2013,0.93
01/03/2013,0.93
02/03/2013,0.91
03/03/2013,0.87
04/03/2013,0.92
05/03/2013,0.92
06/03/2013,0.96
07/03/2013,0.96
08/03/2013,0.98
09/03/2013,1.0
10/03/2013,1.0
11/03/2013,1.0
12/03/2013,1.02
13/03/2013,1.08
14/03/2013,1.07
15/03/2013,1.06
16/03/2013,1.06
17/03/2013,0.97
18/03/2013,0.9
19/03/2013,0.95
20/03/2013,0.96
21/03/2013,0.91
22/03/2013,0.93
23/03/2013,0.96
24/03/2013,0.99
25/03/2013,1.04
26/03/2013,1.07
27/03/2013,1.08
28/03/2013,1.02
29/03/2013,1.05
30/03/2013,1.03
31/03/2013,1.05
01/04/2013,1.1
02/04/2013,1.1
03/04/2013,1.01
04/04/2013,1.0
05/04/2013,1.02
06/04/2013,1.02
07/04/2013,0.93
08/04/2013,0.87
09/04/2013,0.8
10/04/2013,0.76
11/04/2013,0.77
12/04/2013,0.76
13/04/2013,0.71
14/04/2013,0.79
15/04/2013,0.79
16/04/2013,0.78
17/04/2013,0.77
18/04/2013,0.78
19/04/2013,0.74
20/04/2013,0.71
21/04/2013,0.7
22/04/2013,0.72
23/04/2013,0.74
24/04/2013,0.73
25/04/2013,0.69
26/04/2013,0.75
27/04/2013,0.74
28/04/2013,0.8
29/04/2013,0.77
30/04/2013,0.73
01/05/2013,0.75
02/05/2013,0.79
03/05/2013,0.76
04/05/2013,0.72
05/05/2013,0.74
06/05/2013,0.75
07/05/2013,0.74
08/05/2013,0.74
09/05/2013,0.77
10/05/2013,0.77
11/05/2013,0.81
12/05/2013,0.79
13/05/2013,0.79
14/05/2013,0.78
15/05/2013,0.76
16/05/2013,0.7
17/05/2013,0.72
18/05/2013,0.68
19/05/2013,0.68
20/05/2013,0.75
21/05/2013,0.74
22/05/2013,0.73
23/05/2013,0.75
24/05/2013,0.7
25/05/2013,0.69
26/05/2013,0.77
27/05/2013,0.79
28/05/2013,0.81
29/05/2013,0.83
30/05/2013,0.85
31/05/2013,0.88
01/06/2013,0.97
02/06/2013,0.98
03/06/2013,0.98
04/06/2013,0.97
05/06/2013,0.94
06/06/2013,1.07
07/06/2013,1.08
08/06/2013,1.24
09/06/2013,1.16
10/06/2013,1.12
11/06/2013,1.09
12/06/2013,1.07
13/06/2013,1.17
14/06/2013,1.13
15/06/2013,1.11
16/06/2013,1.08
17/06/2013,1.15
18/06/2013,1.14
19/06/2013,1.02
20/06/2013,1.1
21/06/2013,1.15
22/06/2013,1.23
23/06/2013,1.19
24/06/2013,1.21
25/06/2013,1.18
26/06/2013,1.18
27/06/2013,1.23
28/06/2013,1.2
29/06/2013,1.18
30/06/2013,1.13
01/07/2013,1.14
02/07/2013,1.15
03/07/2013,1.16
04/07/2013,1.19
05/07/2013,1.04
06/07/2013,1.04
07/07/2013,0.97
08/07/2013,1.02
09/07/2013,1.08
10/07/2013,1.07
11/07/2013,1.07
12/07/2013,1.01
13/07/2013,1.04
14/07/2013,0.95
15/07/2013,0.91
16/07/2013,0.93
17/07/2013,0.98
18/07/2013,0.93
19/07/2013,1.03
20/07/2013,1.08
21/07/2013,1.03
22/07/2013,1.08
23/07/2013,1.1
24/07/2013,1.14
25/07/2013,1.1
26/07/2013,1.02
27/07/2013,1.03
28/07/2013,1.08
29/07/2013,1.13
30/07/2013,1.2
31/07/2013,1.17
01/08/2013,1.21
02/08/2013,1.25
03/08/2013,1.36
04/08/2013,1.34
05/08/2013,1.35
06/08/2013,1.4
07/08/2013,1.46
08/08/2013,1.48
09/08/2013,1.33
10/08/2013,1.41
11/08/2013,1.43
12/08/2013,1.32
13/08/2013,1.25
14/08/2013,1.28
15/08/2013,1.27
16/08/2013,1.27
17/08/2013,1.23
18/08/2013,1.14
19/08/2013,1.06
20/08/2013,1.06
21/08/2013,0.93
22/08/2013,0.87
23/08/2013,0.94
24/08/2013,0.98
25/08/2013,0.97
26/08/2013,0.88
27/08/2013,0.83
28/08/2013,0.85
29/08/2013,0.83
30/08/2013,0.77
31/08/2013,0.76
01/09/2013,0.73
02/09/2013,0.74
03/09/2013,0.77
04/09/2013,0.78
05/09/2013,0.77
06/09/2013,0.75
07/09/2013,0.7
08/09/2013,0.64
09/09/2013,0.68
10/09/2013,0.66
11/09/2013,0.71
12/09/2013,0.75
13/09/2013,0.77
14/09/2013,0.83
15/09/2013,0.85
16/09/2013,0.91
17/09/2013,0.96
18/09/2013,0.98
19/09/2013,1.01
20/09/2013,0.98
21/09/2013,1.0
22/09/2013,1.0
23/09/2013,1.02
24/09/2013,0.99
25/09/2013,1.04
26/09/2013,0.98
27/09/2013,1.0
28/09/2013,0.94
29/09/2013,0.96
30/09/2013,0.96
01/10/2013,1.02
02/10/2013,0.93
03/10/2013,0.95
04/10/2013,1.08
05/10/2013,1.01
06/10/2013,1.0
07/10/2013,1.02
08/10/2013,1.01
09/10/2013,1.02
10/10/2013,1.05
11/10/2013,1.04
12/10/2013,1.01
13/10/2013,1.04
14/10/2013,0.99
15/10/2013,1.05
16/10/2013,1.02
17/10/2013,1.03
18/10/2013,1.11
19/10/2013,1.18
20/10/2013,1.16
21/10/2013,1.18
22/10/2013,1.28
23/10/2013,1.25
24/10/2013,1.17
25/10/2013,1.21
26/10/2013,1.2
27/10/2013,1.27
28/10/2013,1.15
29/10/2013,1.12
30/10/2013,1.14
31/10/2013,1.17
01/11/2013,1.15
02/11/2013,1.19
03/11/2013,1.2
04/11/2013,1.29
05/11/2013,1.25
06/11/2013,1.29
07/11/2013,1.35
08/11/2013,1.31
09/11/2013,1.22
10/11/2013,1.23
11/11/2013,1.22
12/11/2013,1.22
13/11/2013,1.26
14/11/2013,1.25
15/11/2013,1.29
16/11/2013,1.29
17/11/2013,1.28
18/11/2013,1.3
19/11/2013,1.48
20/11/2013,1.45
21/11/2013,1.61
22/11/2013,1.64
23/11/2013,1.53
24/11/2013,1.57
25/11/2013,1.56
26/11/2013,1.49
27/11/2013,1.38
28/11/2013,1.31
29/11/2013,1.33
30/11/2013,1.29
01/12/2013,1.24
02/12/2013,1.18
03/12/2013,1.24
04/12/2013,1.27
05/12/2013,1.27
06/12/2013,1.2
07/12/2013,1.14
08/12/2013,1.09
09/12/2013,1.14
10/12/2013,1.05
11/12/2013,1.05
12/12/2013,1.05
13/12/2013,1.1
14/12/2013,1.09
15/12/2013,1.13
16/12/2013,1.15
17/12/2013,1.09
18/12/2013,1.13
19/12/2013,1.01
20/12/2013,0.99
21/12/2013,0.99
22/12/2013,0.94
23/12/2013,0.95
24/12/2013,1.01
25/12/2013,0.95
26/12/2013,0.92
27/12/2013,1.02
28/12/2013,1.01
29/12/2013,0.99
30/12/2013,0.99
31/12/2013,1.07
01/01/2014,1.13
02/01/2014,1.17
03/01/2014,1.26
04/01/2014,1.23
05/01/2014,1.19
06/01/2014,1.24
07/01/2014,1.2
08/01/2014,1.23
09/01/2014,1.21
10/01/2014,1.16
11/01/2014,1.18
12/01/2014,1.15
13/01/2014,1.16
14/01/2014,1.05
15/01/2014,1.04
16/01/2014,1.05
17/01/2014,1.13
18/01/2014,1.14
19/01/2014,1.16
20/01/2014,1.2
21/01/2014,1.21
22/01/2014,1.25
23/01/2014,1.26
24/01/2014,1.38
25/01/2014,1.38
26/01/2014,1.31
27/01/2014,1.39
28/01/2014,1.3
29/01/2014,1.23
30/01/2014,1.2
31/01/2014,1.19
01/02/2014,1.18
02/02/2014,1.18
03/02/2014,1.11
04/02/2014,1.02
05/02/2014,1.03
06/02/2014,1.04
07/02/2014,0.98
08/02/2014,0.96
09/02/2014,0.96
10/02/2014,0.91
11/02/2014,0.83
12/02/2014,0.78
13/02/2014,0.74
14/02/2014,0.78
15/02/2014,0.72
16/02/2014,0.74
17/02/2014,0.7
18/02/2014,0.7
19/02/2014,0.67
20/02/2014,0.69
21/02/2014,0.63
22/02/2014,0.66
23/02/2014,0.67
24/02/2014,0.69
25/02/2014,0.7
26/02/2014,0.66
27/02/2014,0.65
28/02/2014,0.61
01/03/2014,0.59
02/03/2014,0.58
03/03/2014,0.56
04/03/2014,0.59
05/03/2014,0.58
06/03/2014,0.66
07/03/2014,0.64
08/03/2014,0.64
09/03/2014,0.66
10/03/2014,0.68
11/03/2014,0.67
12/03/2014,0.72
13/03/2014,0.74
14/03/2014,0.71
15/03/2014,0.73
16/03/2014,0.72
17/03/2014,0.76
18/03/2014,0.69
19/03/2014,0.7
20/03/2014,0.72
21/03/2014,0.76
22/03/2014,0.73
23/03/2014,0.67
24/03/2014,0.62
25/03/2014,0.66
26/03/2014,0.71
27/03/2014,0.74
28/03/2014,0.74
29/03/2014,0.77
30/03/2014,0.75
31/03/2014,0.83
01/04/2014,0.77
02/04/2014,0.8
03/04/2014,0.81
04/04/2014,0.74
05/04/2014,0.75
06/04/2014,0.74
07/04/2014,0.84
08/04/2014,0.86
09/04/2014,0.84
10/04/2014,0.83
11/04/2014,0.86
12/04/2014,0.82
13/04/2014,0.83
14/04/2014,0.84
15/04/2014,0.87
16/04/2014,0.84
17/04/2014,0.82
18/04/2014,0.8
19/04/2014,0.8
20/04/2014,0.82
21/04/2014,0.83
22/04/2014,0.86
23/04/2014,0.84
24/04/2014,0.95
25/04/2014,0.99
26/04/2014,1.04
27/04/2014,1.06
28/04/2014,1.03
29/04/2014,1.06
30/04/2014,1.06
01/05/2014,1.04
02/05/2014,0.98
03/05/2014,1.03
04/05/2014,1.02
05/05/2014,1.03
06/05/2014,0.97
07/05/2014,0.98
08/05/2014,1.07
09/05/2014,1.04
10/05/2014,1.1
11/05/2014,1.14
12/05/2014,1.26
13/05/2014,1.31
14/05/2014,1.32
15/05/2014,1.36
16/05/2014,1.47
17/05/2014,1.5
18/05/2014,1.54
19/05/2014,1.63
20/05/2014,1.56
21/05/2014,1.46
22/05/2014,1.4
23/05/2014,1.42
24/05/2014,1.45
25/05/2014,1.3
26/05/2014,1.35
27/05/2014,1.28
28/05/2014,1.3
29/05/2014,1.41
30/05/2014,1.47
31/05/2014,1.4
01/06/2014,1.43
02/06/2014,1.53
03/06/2014,1.6
04/06/2014,1.67
05/06/2014,1.73
06/06/2014,1.66
07/06/2014,1.67
08/06/2014,1.8
09/06/2014,1.73
10/06/2014,1.84
11/06/2014,1.9
12/06/2014,1.81
13/06/2014,1.75
14/06/2014,1.9
15/06/2014,1.88
16/06/2014,2.07
17/06/2014,2.02
18/06/2014,2.08
19/06/2014,2.15
20/06/2014,2.32
21/06/2014,2.29
22/06/2014,2.16
23/06/2014,2.26
24/06/2014,2.3
25/06/2014,2.2
26/06/2014,2.07
27/06/2014,2.26
28/06/2014,2.53
29/06/2014,2.55
30/06/2014,2.44
01/07/2014,2.66
02/07/2014,2.71
03/07/2014,2.75
04/07/2014,2.95
05/07/2014,2.82
06/07/2014,2.76
07/07/2014,2.79
08/07/2014,2.63
09/07/2014,2.51
10/07/2014,2.4
11/07/2014,2.33
12/07/2014,2.11
13/07/2014,2.21
14/07/2014,2.22
15/07/2014,2.2
16/07/2014,2.29
17/07/2014,2.39
18/07/2014,2.47
19/07/2014,2.5
20/07/2014,2.63
21/07/2014,2.45
22/07/2014,2.48
23/07/2014,2.64
24/07/2014,2.54
25/07/2014,2.56
26/07/2014,2.52
27/07/2014,2.39
28/07/2014,2.32
29/07/2014,2.48
30/07/2014,2.54
31/07/2014,2.54
01/08/2014,2.43
02/08/2014,2.44
03/08/2014,2.3
04/08/2014,2.01
05/08/2014,2.07
06/08/2014,1.97
07/08/2014,2.01
08/08/2014,2.1
09/08/2014,2.09
10/08/2014,2.02
11/08/2014,1.94
12/08/2014,1.92
13/08/2014,1.87
14/08/2014,1.87
15/08/2014,1.83
16/08/2014,1.77
17/08/2014,1.76
18/08/2014,1.8
19/08/2014,1.91
20/08/2014,1.99
21/08/2014,2.01
22/08/2014,2.05
23/08/2014,2.01
24/08/2014,1.95
25/08/2014,1.84
26/08/2014,1.8
27/08/2014,1.78
28/08/2014,1.78
29/08/2014,1.76
30/08/2014,1.7
31/08/2014,1.71
01/09/2014,1.78
02/09/2014,1.69
03/09/2014,1.68
04/09/2014,1.59
05/09/2014,1.57
06/09/2014,1.64
07/09/2014,1.55
08/09/2014,1.42
09/09/2014,1.54
10/09/2014,1.65
11/09/2014,1.53
12/09/2014,1.54
13/09/2014,1.48
14/09/2014,1.58
15/09/2014,1.6
16/09/2014,1.58
17/09/2014,1.66
18/09/2014,1.62
19/09/2014,1.63
20/09/2014,1.77
21/09/2014,1.86
22/09/2014,1.83
23/09/2014,1.81
24/09/2014,1.81
25/09/2014,1.85
26/09/2014,2.09
27/09/2014,2.08
28/09/2014,2.04
29/09/2014,2.06
30/09/2014,2.06
01/10/2014,2.14
02/10/2014,2.17
03/10/2014,2.1
04/10/2014,2.07
05/10/2014,2.12
06/10/2014,2.07
07/10/2014,2.17
08/10/2014,2.41
09/10/2014,2.45
10/10/2014,2.53
11/10/2014,2.55
12/10/2014,2.78
13/10/2014,2.98
14/10/2014,2.79
15/10/2014,2.68
16/10/2014,2.64
17/10/2014,2.82
18/10/2014,2.82
19/10/2014,2.69
20/10/2014,2.95
21/10/2014,2.99
22/10/2014,3.03
23/10/2014,3.25
24/10/2014,3.1
25/10/2014,3.14
26/10/2014,3.23
27/10/2014,3.23
28/10/2014,3.01
29/10/2014,3.03
30/10/2014,2.98
31/10/2014,2.88
01/11/2014,2.78
02/11/2014,3.0
03/11/2014,3.32
04/11/2014,3.47
05/11/2014,3.55
06/11/2014,3.8
07/11/2014,3.88
08/11/2014,3.88
09/11/2014,3.99
10/11/2014,3.92
11/11/2014,3.83
12/11/2014,3.95
13/11/2014,4.02
14/11/2014,3.79
15/11/2014,3.97
16/11/2014,3.67
17/11/2014,3.73
18/11/2014,3.84
19/11/2014,4.18
20/11/2014,3.87
21/11/2014,3.96
22/11/2014,3.95
23/11/2014,3.97
24/11/2014,4.13
25/11/2014,4.09
26/11/2014,4.16
27/11/2014,4.12
28/11/2014,4.02
29/11/2014,4.19
30/11/2014,4.02
01/12/2014,3.63
02/12/2014,3.14
03/12/2014,2.97
04/12/2014,3.09
05/12/2014,3.17
06/12/2014,3.36
07/12/2014,3.48
08/12/2014,3.73
09/12/2014,4.02
10/12/2014,4.16
11/12/2014,4.12
12/12/2014,4.14
13/12/2014,4.36
14/12/2014,4.88
15/12/2014,5.36
16/12/2014,5.3
17/12/2014,5.71
18/12/2014,5.61
19/12/2014,5.24
20/12/2014,5.29
21/12/2014,5.52
22/12/2014,5.26
23/12/2014,5.06
24/12/2014,4.83
25/12/2014,5.15
26/12/2014,5.26
27/12/2014,5.01
28/12/2014,4.93
29/12/2014,5.01
30/12/2014,5.39
31/12/2014,5.13
01/01/2015,5.5
02/01/2015,5.55
03/01/2015,6.21
04/01/2015,6.65
05/01/2015,6.57
06/01/2015,6.2
07/01/2015,6.61
08/01/2015,6.44
09/01/2015,6.42
10/01/2015,7.02
11/01/2015,6.94
12/01/2015,7.08
13/01/2015,6.81
14/01/2015,6.66
15/01/2015,6.5
16/01/2015,6.35
17/01/2015,6.4
18/01/2015,6.51
19/01/2015,6.12
20/01/2015,5.49
21/01/2015,5.47
22/01/2015,5.44
23/01/2015,4.67
24/01/2015,4.77
25/01/2015,4.6
26/01/2015,4.23
27/01/2015,4.18
28/01/2015,4.12
29/01/2015,4.15
30/01/2015,4.11
31/01/2015,3.93
01/02/2015,3.69
02/02/2015,4.1
03/02/2015,3.95
04/02/2015,3.83
05/02/2015,4.15
06/02/2015,4.28
07/02/2015,4.08
08/02/2015,4.25
09/02/2015,4.17
10/02/2015,4.11
11/02/2015,4.24
12/02/2015,4.59
13/02/2015,4.83
14/02/2015,4.8
15/02/2015,4.88
16/02/2015,4.87
17/02/2015,4.75
18/02/2015,4.46
19/02/2015,4.38
20/02/2015,4.6
21/02/2015,4.52
22/02/2015,4.24
23/02/2015,4.18
24/02/2015,4.1
25/02/2015,4.24
26/02/2015,4.39
27/02/2015,4.24
28/02/2015,4.66
01/03/2015,4.55
02/03/2015,4.44
03/03/2015,4.46
04/03/2015,4.45
05/03/2015,4.27
06/03/2015,4.44
07/03/2015,4.47
08/03/2015,4.44
09/03/2015,4.34
10/03/2015,4.32
11/03/2015,4.42
12/03/2015,4.42
13/03/2015,4.32
14/03/2015,4.33
15/03/2015,4.85
16/03/2015,4.78
17/03/2015,4.92
18/03/2015,4.76
19/03/2015,4.65
20/03/2015,4.94
21/03/2015,5.07
22/03/2015,5.14
23/03/2015,4.99
24/03/2015,4.84
25/03/2015,4.55
26/03/2015,4.5
27/03/2015,4.66
28/03/2015,4.59
29/03/2015,4.65
30/03/2015,4.54
31/03/2015,4.93
01/04/2015,4.5
02/04/2015,4.27
03/04/2015,4.44
04/04/2015,4.39
05/04/2015,4.52
06/04/2015,4.39
07/04/2015,4.65
08/04/2015,4.69
09/04/2015,4.5
10/04/2015,4.49
11/04/2015,4.77
12/04/2015,4.7
13/04/2015,4.37
14/04/2015,4.43
15/04/2015,4.44
16/04/2015,4.37
17/04/2015,4.28
18/04/2015,4.2
19/04/2015,4.38
20/04/2015,4.18
21/04/2015,4.1
22/04/2015,3.88
23/04/2015,3.91
24/04/2015,3.86
25/04/2015,3.77
26/04/2015,3.74
27/04/2015,3.5
28/04/2015,3.59
29/04/2015,3.64
30/04/2015,3.39
01/05/2015,3.64
02/05/2015,3.52
03/05/2015,3.49
04/05/2015,3.88
05/05/2015,3.91
06/05/2015,3.88
07/05/2015,3.99
08/05/2015,4.07
09/05/2015,4.2
10/05/2015,4.02
11/05/2015,4.29
12/05/2015,4.21
13/05/2015,4.24
14/05/2015,4.15
15/05/2015,3.94
16/05/2015,3.88
17/05/2015,3.91
18/05/2015,3.72
19/05/2015,3.81
20/05/2015,3.33
21/05/2015,3.33
22/05/2015,3.65
23/05/2015,3.68
24/05/2015,3.99
25/05/2015,4.05
26/05/2015,4.67
27/05/2015,4.53
28/05/2015,4.03
29/05/2015,3.63
30/05/2015,3.54
31/05/2015,3.57
01/06/2015,3.53
02/06/2015,3.43
03/06/2015,3.66
04/06/2015,3.63
05/06/2015,3.78
06/06/2015,3.9
07/06/2015,3.76
08/06/2015,3.86
09/06/2015,4.0
10/06/2015,4.1
11/06/2015,4.03
12/06/2015,3.89
13/06/2015,3.99
14/06/2015,4.34
15/06/2015,4.71
16/06/2015,4.73
17/06/2015,4.94
18/06/2015,4.98
19/06/2015,5.31
20/06/2015,5.17
21/06/2015,4.83
22/06/2015,5.23
23/06/2015,5.4
24/06/2015,5.08
25/06/2015,5.05
26/06/2015,4.83
27/06/2015,4.64
28/06/2015,4.38
29/06/2015,4.54
30/06/2015,4.52
01/07/2015,4.75
02/07/2015,5.28
03/07/2015,5.32
04/07/2015,5.6
05/07/2015,6.26
06/07/2015,6.51
07/07/2015,6.32
08/07/2015,6.46
09/07/2015,6.64
10/07/2015,6.83
11/07/2015,6.94
12/07/2015,7.01
13/07/2015,6.55
14/07/2015,6.28
15/07/2015,6.52
16/07/2015,6.37
17/07/2015,7.12
18/07/2015,7.09
19/07/2015,6.7
20/07/2015,7.1
21/07/2015,6.63
22/07/2015,6.95
23/07/2015,7.43
24/07/2015,7.04
25/07/2015,7.07
26/07/2015,7.22
27/07/2015,7.27
28/07/2015,7.05
29/07/2015,6.59
30/07/2015,6.78
31/07/2015,7.08
01/08/2015,6.49
02/08/2015,7.01
03/08/2015,6.49
04/08/2015,6.01
05/08/2015,6.41
06/08/2015,6.1
07/08/2015,6.1
08/08/2015,6.2
09/08/2015,6.37
10/08/2015,6.47
11/08/2015,6.61
12/08/2015,6.83
13/08/2015,6.2
14/08/2015,6.07
15/08/2015,6.48
16/08/2015,6.48
17/08/2015,6.73
18/08/2015,6.44
19/08/2015,6.62
20/08/2015,6.68
21/08/2015,7.09
22/08/2015,6.95
23/08/2015,7.35
24/08/2015,7.8
25/08/2015,8.02
26/08/2015,7.78
27/08/2015,8.54
28/08/2015,8.34
29/08/2015,8.22
30/08/2015,8.07
31/08/2015,7.89
01/09/2015,7.62
02/09/2015,7.58
03/09/2015,7.2
04/09/2015,7.14
05/09/2015,7.74
06/09/2015,7.75
07/09/2015,7.45
08/09/2015,7.4
09/09/2015,7.68
10/09/2015,7.78
11/09/2015,7.8
12/09/2015,7.62
13/09/2015,8.07
14/09/2015,8.61
15/09/2015,7.84
16/09/2015,7.96
17/09/2015,7.97
18/09/2015,7.85
19/09/2015,8.35
20/09/2015,8.55
21/09/2015,8.61
22/09/2015,8.62
23/09/2015,9.24
24/09/2015,9.8
25/09/2015,9.8
26/09/2015,9.68
27/09/2015,9.42
28/09/2015,9.51
29/09/2015,9.21
30/09/2015,8.91
01/10/2015,9.7
02/10/2015,9.77
03/10/2015,10.08
04/10/2015,9.82
05/10/2015,9.75
06/10/2015,9.76
07/10/2015,9.91
08/10/2015,10.65
09/10/2015,9.92
10/10/2015,10.09
11/10/2015,10.63
12/10/2015,10.38
13/10/2015,11.65
14/10/2015,11.02
15/10/2015,11.42
16/10/2015,11.28
17/10/2015,11.9
18/10/2015,12.79
19/10/2015,11.64
20/10/2015,11.78
21/10/2015,10.75
22/10/2015,10.06
23/10/2015,10.33
24/10/2015,9.72
25/10/2015,10.28
26/10/2015,10.31
27/10/2015,10.12
28/10/2015,10.63
29/10/2015,10.31
30/10/2015,9.74
31/10/2015,9.2
01/11/2015,8.47
02/11/2015,7.77
03/11/2015,7.97
04/11/2015,8.27
05/11/2015,8.59
06/11/2015,8.12
07/11/2015,8.13
08/11/2015,8.5
09/11/2015,8.96
10/11/2015,9.22
11/11/2015,9.33
12/11/2015,9.75
13/11/2015,9.98
14/11/2015,9.57
15/11/2015,8.74
16/11/2015,8.73
17/11/2015,9.24
18/11/2015,9.97
19/11/2015,10.0
20/11/2015,10.81
21/11/2015,10.85
22/11/2015,10.03
23/11/2015,10.18
24/11/2015,10.39
25/11/2015,10.98
26/11/2015,10.97
27/11/2015,10.07
28/11/2015,10.73
29/11/2015,11.14
30/11/2015,10.36
01/12/2015,10.04
02/12/2015,11.07
03/12/2015,11.71
04/12/2015,10.09
05/12/2015,10.59
06/12/2015,11.35
07/12/2015,11.32
08/12/2015,11.61
09/12/2015,10.49
10/12/2015,11.08
11/12/2015,11.71
12/12/2015,10.62
13/12/2015,11.43
14/12/2015,12.97
15/12/2015,11.96
16/12/2015,12.68
17/12/2015,14.23
18/12/2015,13.96
19/12/2015,13.9
20/12/2015,13.55
21/12/2015,13.98
22/12/2015,13.17
23/12/2015,13.25
24/12/2015,13.07
25/12/2015,12.26
26/12/2015,12.87
27/12/2015,12.64
28/12/2015,11.46
29/12/2015,11.27
30/12/2015,10.72
31/12/2015,11.01
01/01/2016,11.79
02/01/2016,11.75
03/01/2016,11.74
04/01/2016,11.29
05/01/2016,10.87
06/01/2016,12.25
07/01/2016,12.08
08/01/2016,11.85
09/01/2016,11.21
10/01/2016,10.74
11/01/2016,10.7
12/01/2016,11.15
13/01/2016,10.97
14/01/2016,10.65
15/01/2016,10.57
16/01/2016,10.64
17/01/2016,10.76
18/01/2016,9.61
19/01/2016,8.89
20/01/2016,9.09
21/01/2016,9.17
22/01/2016,9.51
23/01/2016,9.56
24/01/2016,8.78
25/01/2016,9.01
26/01/2016,10.01
27/01/2016,10.33
28/01/2016,10.02
29/01/2016,11.32
30/01/2016,11.19
31/01/2016,10.91
01/02/2016,10.94
02/02/2016,10.87
03/02/2016,11.71
04/02/2016,12.45
05/02/2016,13.03
06/02/2016,11.84
07/02/2016,11.56
08/02/2016,10.97
09/02/2016,11.37
10/02/2016,11.4
11/02/2016,11.27
12/02/2016,11.28
13/02/2016,11.6
14/02/2016,11.27
15/02/2016,12.05
16/02/2016,11.09
17/02/2016,11.73
18/02/2016,11.59
19/02/2016,11.27
20/02/2016,10.93
21/02/2016,11.63
22/02/2016,11.31
23/02/2016,12.2
24/02/2016,11.57
25/02/2016,12.14
26/02/2016,12.75
27/02/2016,12.31
28/02/2016,11.96
29/02/2016,11.06
01/03/2016,10.93
02/03/2016,11.61
03/03/2016,12.13
04/03/2016,10.7
05/03/2016,11.03
06/03/2016,10.96
07/03/2016,10.82
08/03/2016,10.88
09/03/2016,10.33
10/03/2016,10.54
11/03/2016,10.54
12/03/2016,10.37
13/03/2016,10.26
14/03/2016,10.31
15/03/2016,9.7
16/03/2016,9.33
17/03/2016,9.71
18/03/2016,10.03
19/03/2016,9.67
20/03/2016,10.53
21/03/2016,10.23
22/03/2016,9.84
23/03/2016,9.64
24/03/2016,9.71
25/03/2016,9.81
26/03/2016,10.7
27/03/2016,10.65
28/03/2016,10.12
29/03/2016,9.17
30/03/2016,9.99
31/03/2016,10.78
01/04/2016,10.52
02/04/2016,10.56
03/04/2016,9.89
04/04/2016,10.54
05/04/2016,10.41
06/04/2016,10.38
07/04/2016,11.09
08/04/2016,10.78
09/04/2016,10.83
10/04/2016,10.97
11/04/2016,11.24
12/04/2016,12.24
13/04/2016,12.92
14/04/2016,11.97
15/04/2016,12.02
16/04/2016,13.01
17/04/2016,12.01
18/04/2016,13.99
19/04/2016,12.33
20/04/2016,11.82
21/04/2016,11.65
22/04/2016,10.94
23/04/2016,11.99
24/04/2016,12.35
25/04/2016,13.43
26/04/2016,13.38
27/04/2016,15.15
28/04/2016,15.17
29/04/2016,16.96
30/04/2016,16.47
01/05/2016,14.81
02/05/2016,15.07
03/05/2016,16.19
04/05/2016,16.14
05/05/2016,16.09
06/05/2016,16.69
07/05/2016,16.22
08/05/2016,18.08
09/05/2016,17.58
10/05/2016,17.51
11/05/2016,17.13
12/05/2016,17.81
13/05/2016,18.41
14/05/2016,19.08
15/05/2016,18.43
16/05/2016,18.13
17/05/2016,17.17
18/05/2016,17.74
19/05/2016,16.97
20/05/2016,15.86
21/05/2016,16.11
22/05/2016,16.16
23/05/2016,15.45
24/05/2016,15.22
25/05/2016,14.82
26/05/2016,13.71
27/05/2016,14.04
28/05/2016,14.45
29/05/2016,14.02
30/05/2016,14.63
31/05/2016,14.71
01/06/2016,14.99
02/06/2016,13.99
03/06/2016,12.95
04/06/2016,14.09
05/06/2016,12.35
06/06/2016,11.32
07/06/2016,11.04
08/06/2016,11.83
09/06/2016,11.21
10/06/2016,11.34
11/06/2016,10.84
12/06/2016,10.42
13/06/2016,10.69
14/06/2016,11.34
15/06/2016,11.16
16/06/2016,11.47
17/06/2016,11.21
18/06/2016,11.47
19/06/2016,10.97
20/06/2016,10.72
21/06/2016,10.69
22/06/2016,9.94
23/06/2016,9.92
24/06/2016,9.68
25/06/2016,9.74
26/06/2016,9.87
27/06/2016,9.98
28/06/2016,10.15
29/06/2016,10.56
30/06/2016,10.93
01/07/2016,10.8
02/07/2016,11.59
03/07/2016,11.74
04/07/2016,12.26
05/07/2016,12.55
06/07/2016,13.46
07/07/2016,14.06
08/07/2016,15.51
09/07/2016,14.85
10/07/2016,14.47
11/07/2016,16.33
12/07/2016,16.76
13/07/2016,17.2
14/07/2016,17.65
15/07/2016,17.42
16/07/2016,18.04
17/07/2016,17.5
18/07/2016,17.42
19/07/2016,18.34
20/07/2016,19.72
21/07/2016,19.77
22/07/2016,20.65
23/07/2016,21.48
24/07/2016,21.64
25/07/2016,22.53
26/07/2016,22.83
27/07/2016,22.48
28/07/2016,23.79
29/07/2016,24.08
30/07/2016,24.39
31/07/2016,25.84
01/08/2016,26.58
02/08/2016,27.21
03/08/2016,26.03
04/08/2016,26.89
05/08/2016,25.86
06/08/2016,25.97
07/08/2016,26.38
08/08/2016,25.42
09/08/2016,25.93
10/08/2016,24.07
11/08/2016,22.91
12/08/2016,23.31
13/08/2016,24.21
14/08/2016,23.46
15/08/2016,24.05
16/08/2016,25.12
17/08/2016,25.88
18/08/2016,25.65
19/08/2016,26.11
20/08/2016,25.5
21/08/2016,26.29
22/08/2016,24.15
23/08/2016,24.73
24/08/2016,25.18
25/08/2016,25.6
26/08/2016,25.61
27/08/2016,25.16
28/08/2016,25.06
29/08/2016,25.1
30/08/2016,24.04
31/08/2016,27.0
01/09/2016,28.38
02/09/2016,29.81
03/09/2016,29.77
04/09/2016,29.32
05/09/2016,27.22
06/09/2016,27.66
07/09/2016,28.89
08/09/2016,27.5
09/09/2016,26.39
10/09/2016,25.21
11/09/2016,24.94
12/09/2016,23.43
13/09/2016,21.84
14/09/2016,21.32
15/09/2016,23.86
16/09/2016,23.67
17/09/2016,25.36
18/09/2016,24.39
19/09/2016,24.18
20/09/2016,25.49
21/09/2016,25.82
22/09/2016,26.58
23/09/2016,26.78
24/09/2016,28.14
25/09/2016,29.28
26/09/2016,28.65
27/09/2016,31.63
28/09/2016,30.55
29/09/2016,31.21
30/09/2016,29.42
01/10/2016,27.63
02/10/2016,26.47
03/10/2016,25.34
04/10/2016,25.27
05/10/2016,25.51
06/10/2016,25.31
07/10/2016,22.93
08/10/2016,24.93
09/10/2016,25.45
10/10/2016,25.74
11/10/2016,26.44
12/10/2016,27.27
13/10/2016,25.94
14/10/2016,27.6
15/10/2016,27.86
16/10/2016,30.26
17/10/2016,29.03
18/10/2016,30.07
19/10/2016,28.82
20/10/2016,29.61
21/10/2016,27.84
22/10/2016,29.94
23/10/2016,30.28
24/10/2016,30.72
25/10/2016,29.88
26/10/2016,27.91
27/10/2016,28.37
28/10/2016,27.57
29/10/2016,31.41
30/10/2016,31.47
31/10/2016,32.51
01/11/2016,34.12
02/11/2016,31.37
03/11/2016,31.28
04/11/2016,33.67
05/11/2016,33.26
06/11/2016,33.53
07/11/2016,37.28
08/11/2016,37.93
09/11/2016,36.02
10/11/2016,36.23
11/11/2016,35.32
12/11/2016,36.27
13/11/2016,38.72
14/11/2016,43.7
15/11/2016,39.77
16/11/2016,40.33
17/11/2016,40.05
18/11/2016,45.2
19/11/2016,44.08
20/11/2016,48.4
21/11/2016,48.46
22/11/2016,49.73
23/11/2016,48.75
24/11/2016,52.29
25/11/2016,52.43
26/11/2016,49.66
27/11/2016,46.38
28/11/2016,47.59
29/11/2016,43.55
30/11/2016,46.64
01/12/2016,47.86
02/12/2016,47.51
03/12/2016,45.99
04/12/2016,51.1
05/12/2016,53.77
06/12/2016,57.73
07/12/2016,63.36
08/12/2016,67.71
09/12/2016,63.08
10/12/2016,57.6
11/12/2016,55.41
12/12/2016,55.31
13/12/2016,59.64
14/12/2016,63.02
15/12/2016,61.26
16/12/2016,58.98
17/12/2016,60.41
18/12/2016,59.55
19/12/2016,60.93
20/12/2016,65.87
21/12/2016,60.83
22/12/2016,61.42
23/12/2016,64.58
24/12/2016,64.94
25/12/2016,62.09
26/12/2016,62.64
27/12/2016,62.83
28/12/2016,58.39
29/12/2016,58.3
30/12/2016,54.3
31/12/2016,51.95
01/01/2017,52.98
02/01/2017,50.21
03/01/2017,52.89
04/01/2017,55.24
05/01/2017,57.32
06/01/2017,57.41
07/01/2017,53.94
08/01/2017,53.31
09/01/2017,49.47
10/01/2017,52.81
11/01/2017,53.74
12/01/2017,54.01
13/01/2017,58.6
14/01/2017,57.63
15/01/2017,61.73
16/01/2017,61.93
17/01/2017,64.25
18/01/2017,62.32
19/01/2017,72.56
20/01/2017,73.8
21/01/2017,75.79
22/01/2017,83.73
23/01/2017,82.48
24/01/2017,77.88
25/01/2017,81.62
26/01/2017,87.43
27/01/2017,83.65
28/01/2017,83.7
29/01/2017,84.73
30/01/2017,85.86
31/01/2017,80.88
01/02/2017,80.74
02/02/2017,81.32
03/02/2017,75.11
04/02/2017,78.05
05/02/2017,81.54
06/02/2017,74.85
07/02/2017,74.27
08/02/2017,67.84
09/02/2017,68.48
10/02/2017,61.17
11/02/2017,66.2
12/02/2017,69.03
13/02/2017,72.75
14/02/2017,72.65
15/02/2017,75.07
16/02/2017,78.15
17/02/2017,72.79
18/02/2017,79.99
19/02/2017,80.95
20/02/2017,79.58
21/02/2017,80.15
22/02/2017,76.01
23/02/2017,77.41
24/02/2017,79.1
25/02/2017,78.51
26/02/2017,83.02
27/02/2017,86.11
28/02/2017,83.93
01/03/2017,80.28
02/03/2017,76.08
03/03/2017,77.05
04/03/2017,82.02
05/03/2017,82.86
06/03/2017,87.95
07/03/2017,85.36
08/03/2017,78.7
09/03/2017,86.86
10/03/2017,91.43
11/03/2017,86.79
12/03/2017,86.12
13/03/2017,83.75
14/03/2017,82.41
15/03/2017,83.0
16/03/2017,82.97
17/03/2017,90.71
18/03/2017,93.6
19/03/2017,102.32
20/03/2017,107.95
21/03/2017,115.8
22/03/2017,122.72
23/03/2017,122.13
24/03/2017,127.9
25/03/2017,133.53
26/03/2017,130.74
27/03/2017,122.68
28/03/2017,126.97
29/03/2017,126.05
30/03/2017,123.26
31/03/2017,119.19
01/04/2017,121.59
02/04/2017,128.65
03/04/2017,121.75
04/04/2017,117.91
05/04/2017,118.09
06/04/2017,114.66
07/04/2017,106.19
08/04/2017,115.64
09/04/2017,113.03
10/04/2017,120.11
11/04/2017,113.52
12/04/2017,109.72
13/04/2017,106.75
14/04/2017,104.7
15/04/2017,105.09
16/04/2017,107.64
17/04/2017,105.4
18/04/2017,103.29
19/04/2017,100.24
20/04/2017,101.55
21/04/2017,107.7
22/04/2017,106.43
23/04/2017,106.66
24/04/2017,108.4
25/04/2017,115.65
26/04/2017,117.22
27/04/2017,111.74
28/04/2017,102.68
29/04/2017,98.66
30/04/2017,95.78
01/05/2017,91.49
02/05/2017,94.88
03/05/2017,93.69
04/05/2017,95.56
05/05/2017,88.39
06/05/2017,97.27
07/05/2017,94.33
08/05/2017,89.81
09/05/2017,91.79
10/05/2017,89.48
11/05/2017,85.2
12/05/2017,90.4
13/05/2017,86.73
14/05/2017,90.54
15/05/2017,86.38
16/05/2017,85.55
17/05/2017,90.47
18/05/2017,95.12
19/05/2017,94.48
20/05/2017,90.21
21/05/2017,89.81
22/05/2017,91.58
23/05/2017,91.02
24/05/2017,102.52
25/05/2017,99.71
26/05/2017,91.91
27/05/2017,90.2
28/05/2017,92.78
29/05/2017,96.92
30/05/2017,92.78
31/05/2017,89.72
01/06/2017,94.31
02/06/2017,88.0
03/06/2017,85.53
04/06/2017,80.59
05/06/2017,83.75
06/06/2017,88.4
07/06/2017,89.13
08/06/2017,97.35
09/06/2017,99.9
10/06/2017,108.61
11/06/2017,100.18
12/06/2017,98.73
13/06/2017,97.08
14/06/2017,112.49
15/06/2017,119.47
16/06/2017,111.95
17/06/2017,115.92
18/06/2017,115.89
19/06/2017,120.22
20/06/2017,128.64
21/06/2017,138.25
22/06/2017,135.64
23/06/2017,130.33
24/06/2017,128.83
25/06/2017,142.45
26/06/2017,155.63
27/06/2017,159.14
28/06/2017,161.87
29/06/2017,152.43
30/06/2017,163.55
01/07/2017,159.79
02/07/2017,162.34
03/07/2017,141.33
04/07/2017,157.71
05/07/2017,157.01
06/07/2017,139.85
07/07/2017,147.12
08/07/2017,140.85
09/07/2017,141.09
10/07/2017,144.84
11/07/2017,146.23
12/07/2017,130.91
13/07/2017,138.91
14/07/2017,135.06
15/07/2017,124.86
16/07/2017,121.27
17/07/2017,118.32
18/07/2017,117.68
19/07/2017,119.07
20/07/2017,132.89
21/07/2017,129.69
22/07/2017,126.4
23/07/2017,135.1
24/07/2017,139.33
25/07/2017,130.26
26/07/2017,128.15
27/07/2017,138.73
28/07/2017,134.12
29/07/2017,139.54
30/07/2017,142.1
31/07/2017,157.15
01/08/2017,148.63
02/08/2017,154.9
03/08/2017,159.9
04/08/2017,162.43
05/08/2017,155.03
06/08/2017,142.09
07/08/2017,142.2
08/08/2017,138.48
09/08/2017,123.54
10/08/2017,126.66
11/08/2017,127.01
12/08/2017,122.9
13/08/2017,123.23
14/08/2017,121.83
15/08/2017,116.73
16/08/2017,112.32
17/08/2017,109.39
18/08/2017,111.14
19/08/2017,116.03
20/08/2017,115.16
21/08/2017,124.0
22/08/2017,122.6
23/08/2017,123.53
24/08/2017,133.5
25/08/2017,121.45
26/08/2017,124.92
27/08/2017,125.51
28/08/2017,119.36
29/08/2017,117.68
30/08/2017,110.3
31/08/2017,112.96
01/09/2017,103.69
02/09/2017,102.28
03/09/2017,103.21
04/09/2017,108.86
05/09/2017,109.57
06/09/2017,106.82
07/09/2017,101.6
08/09/2017,94.22
09/09/2017,87.95
10/09/2017,86.74
11/09/2017,90.67
12/09/2017,101.61
13/09/2017,92.8
14/09/2017,95.59
15/09/2017,89.08
16/09/2017,94.55
17/09/2017,95.58
18/09/2017,92.21
19/09/2017,99.83
20/09/2017,96.04
21/09/2017,99.42
22/09/2017,100.85
23/09/2017,100.2
24/09/2017,100.61
25/09/2017,100.4
26/09/2017,102.72
27/09/2017,97.39
28/09/2017,100.14
29/09/2017,106.31
30/09/2017,104.62
01/10/2017,98.44
02/10/2017,102.51
03/10/2017,102.9
04/10/2017,108.05
05/10/2017,109.99
06/10/2017,113.37
07/10/2017,107.12
08/10/2017,114.39
09/10/2017,110.37
10/10/2017,114.87
11/10/2017,123.61
12/10/2017,111.0
13/10/2017,123.5
14/10/2017,138.26
15/10/2017,142.93
16/10/2017,136.08
17/10/2017,138.98
18/10/2017,139.54
19/10/2017,138.98
20/10/2017,138.32
21/10/2017,139.22
22/10/2017,138.98
23/10/2017,137.2
24/10/2017,141.82
25/10/2017,137.24
26/10/2017,141.94
27/10/2017,143.28
28/10/2017,149.21
29/10/2017,153.61
30/10/2017,146.21
31/10/2017,137.54
01/11/2017,137.15
02/11/2017,123.22
03/11/2017,116.12
04/11/2017,115.86
05/11/2017,114.71
06/11/2017,117.35
07/11/2017,115.91
08/11/2017,113.31
09/11/2017,111.77
10/11/2017,104.35
11/11/2017,108.34
12/11/2017,116.52
13/11/2017,117.04
14/11/2017,120.17
15/11/2017,120.66
16/11/2017,114.66
17/11/2017,113.94
18/11/2017,110.23
19/11/2017,119.42
20/11/2017,122.71
21/11/2017,131.73
22/11/2017,137.88
23/11/2017,143.61
24/11/2017,150.02
25/11/2017,149.33
26/11/2017,145.39
27/11/2017,147.62
28/11/2017,147.03
29/11/2017,157.7
30/11/2017,159.62
01/12/2017,167.2
02/12/2017,161.76
03/12/2017,149.23
04/12/2017,161.27
05/12/2017,150.67
06/12/2017,144.68
07/12/2017,142.25
08/12/2017,152.68
09/12/2017,159.33
10/12/2017,163.64
11/12/2017,160.78
12/12/2017,152.1
13/12/2017,150.07
14/12/2017,161.53
15/12/2017,169.24
16/12/2017,169.37
17/12/2017,170.25
18/12/2017,170.76
19/12/2017,176.98
20/12/2017,162.14
21/12/2017,157.7
22/12/2017,164.86
23/12/2017,171.9
24/12/2017,184.44
25/12/2017,181.88
26/12/2017,176.77
27/12/2017,179.21
28/12/2017,184.85
29/12/2017,184.06
30/12/2017,181.8
31/12/2017,171.79
01/01/2018,167.88
02/01/2018,161.82
03/01/2018,159.58
04/01/2018,167.7
05/01/2018,173.97
06/01/2018,163.16
07/01/2018,161.74
08/01/2018,145.63
09/01/2018,143.72
10/01/2018,138.0
11/01/2018,141.14
12/01/2018,140.91
13/01/2018,148.07
14/01/2018,147.85
15/01/2018,142.31
16/01/2018,138.57
17/01/2018,142.61
18/01/2018,144.16
19/01/2018,139.06
20/01/2018,138.89
21/01/2018,139.97
22/01/2018,139.59
23/01/2018,136.06
24/01/2018,129.57
25/01/2018,136.34
26/01/2018,137.1
27/01/2018,142.95
28/01/2018,149.78
29/01/2018,145.34
30/01/2018,146.23
31/01/2018,153.0
01/02/2018,151.18
02/02/2018,144.4
03/02/2018,140.72
04/02/2018,142.05
05/02/2018,143.75
06/02/2018,149.23
07/02/2018,149.61
08/02/2018,156.0
09/02/2018,150.42
10/02/2018,150.01
11/02/2018,161.83
12/02/2018,164.6
13/02/2018,166.54
14/02/2018,157.73
15/02/2018,157.63
16/02/2018,154.7
17/02/2018,153.79
18/02/2018,152.8
19/02/2018,150.87
20/02/2018,150.64
21/02/2018,137.85
22/02/2018,149.12
23/02/2018,161.88
24/02/2018,154.89
25/02/2018,145.27
26/02/2018,146.52
27/02/2018,151.37
28/02/2018,162.09
01/03/2018,161.89
02/03/2018,166.84
03/03/2018,166.75
04/03/2018,157.68
05/03/2018,148.89
06/03/2018,145.57
07/03/2018,138.95
08/03/2018,137.82
09/03/2018,131.56
10/03/2018,119.41
11/03/2018,117.75
12/03/2018,120.56
13/03/2018,123.32
14/03/2018,120.93
15/03/2018,135.74
16/03/2018,132.84
17/03/2018,127.62
18/03/2018,126.5
19/03/2018,116.45
20/03/2018,116.62
21/03/2018,110.99
22/03/2018,110.41
23/03/2018,112.38
24/03/2018,112.97
25/03/2018,117.33
26/03/2018,107.97
27/03/2018,106.87
28/03/2018,108.7
29/03/2018,102.61
30/03/2018,96.47
31/03/2018,95.27
01/04/2018,95.5
02/04/2018,91.82
03/04/2018,93.12
04/04/2018,99.42
05/04/2018,102.09
06/04/2018,99.69
07/04/2018,94.38
08/04/2018,91.06
09/04/2018,89.63
10/04/2018,82.36
11/04/2018,76.4
12/04/2018,74.55
13/04/2018,69.75
14/04/2018,67.78
15/04/2018,68.56
16/04/2018,69.13
17/04/2018,70.74
18/04/2018,71.25
19/04/2018,70.35
20/04/2018,71.03
21/04/2018,74.33
22/04/2018,72.73
23/04/2018,74.62
24/04/2018,76.62
25/04/2018,67.96
26/04/2018,65.51
27/04/2018,64.55
28/04/2018,60.93
29/04/2018,59.28
30/04/2018,59.22
01/05/2018,61.84
02/05/2018,61.08
03/05/2018,60.4
04/05/2018,59.03
05/05/2018,62.5
06/05/2018,65.53
07/05/2018,66.92
08/05/2018,64.96
09/05/2018,67.42
10/05/2018,67.19
11/05/2018,67.31
12/05/2018,64.43
13/05/2018,71.96
14/05/2018,72.8
15/05/2018,72.89
16/05/2018,74.84
17/05/2018,73.54
18/05/2018,71.46
19/05/2018,74.19
20/05/2018,72.54
21/05/2018,76.25
22/05/2018,77.92
23/05/2018,71.15
24/05/2018,72.42
25/05/2018,68.71
26/05/2018,69.28
27/05/2018,74.81
28/05/2018,80.77
29/05/2018,76.18
30/05/2018,88.71
31/05/2018,92.26
01/06/2018,97.67
02/06/2018,93.48
03/06/2018,92.09
04/06/2018,89.13
05/06/2018,92.95
06/06/2018,87.31
07/06/2018,90.16
08/06/2018,95.27
09/06/2018,95.26
10/06/2018,89.46
11/06/2018,99.83
12/06/2018,101.68
13/06/2018,93.72
14/06/2018,94.67
15/06/2018,90.02
16/06/2018,85.02
17/06/2018,78.92
18/06/2018,78.17
19/06/2018,73.55
20/06/2018,66.09
21/06/2018,73.01
22/06/2018,77.27
23/06/2018,75.09
24/06/2018,75.65
25/06/2018,73.87
26/06/2018,72.75
27/06/2018,77.54
28/06/2018,77.95
29/06/2018,80.8
30/06/2018,82.39
01/07/2018,84.97
02/07/2018,82.81
03/07/2018,81.51
04/07/2018,76.58
05/07/2018,73.75
06/07/2018,70.69
07/07/2018,65.35
08/07/2018,66.18
09/07/2018,67.89
10/07/2018,64.16
11/07/2018,70.69
12/07/2018,69.34
13/07/2018,67.69
14/07/2018,65.65
15/07/2018,62.4
16/07/2018,69.84
17/07/2018,70.33
18/07/2018,71.55
19/07/2018,72.39
20/07/2018,73.77
21/07/2018,67.3
22/07/2018,60.27
23/07/2018,60.73
24/07/2018,60.69
25/07/2018,66.24
26/07/2018,67.9
27/07/2018,70.17
28/07/2018,69.62
29/07/2018,72.84
30/07/2018,75.14
31/07/2018,69.8
01/08/2018,70.68
02/08/2018,72.71
03/08/2018,76.17
04/08/2018,78.08
05/08/2018,76.99
06/08/2018,77.62
07/08/2018,77.75
08/08/2018,80.2
09/08/2018,83.28
10/08/2018,78.13
11/08/2018,76.84
12/08/2018,77.05
13/08/2018,77.59
14/08/2018,81.3
15/08/2018,93.63
16/08/2018,90.53
17/08/2018,89.06
18/08/2018,86.21
19/08/2018,74.59
20/08/2018,75.22
21/08/2018,71.96
22/08/2018,71.53
23/08/2018,73.43
24/08/2018,73.36
25/08/2018,75.29
26/08/2018,71.89
27/08/2018,77.67
28/08/2018,81.89
29/08/2018,80.89
30/08/2018,86.65
31/08/2018,84.57
01/09/2018,83.7
02/09/2018,81.95
03/09/2018,81.51
04/09/2018,83.7
05/09/2018,89.37
06/09/2018,91.85
07/09/2018,91.95
08/09/2018,100.88
09/09/2018,114.13
10/09/2018,130.74
11/09/2018,134.45
12/09/2018,140.76
13/09/2018,144.41
14/09/2018,143.12
15/09/2018,141.01
16/09/2018,146.65
17/09/2018,151.13
18/09/2018,157.14
19/09/2018,159.71
20/09/2018,156.56
21/09/2018,155.13
22/09/2018,156.98
23/09/2018,147.84
24/09/2018,146.71
25/09/2018,144.71
26/09/2018,145.46
27/09/2018,134.96
28/09/2018,134.69
29/09/2018,139.1
30/09/2018,132.98
01/10/2018,128.53
02/10/2018,133.29
03/10/2018,133.03
04/10/2018,135.47
05/10/2018,144.19
06/10/2018,134.56
07/10/2018,126.63
08/10/2018,128.67
09/10/2018,133.02
10/10/2018,144.94
11/10/2018,136.25
12/10/2018,132.41
13/10/2018,139.12
14/10/2018,129.22
15/10/2018,136.83
16/10/2018,139.1
17/10/2018,139.12
18/10/2018,145.81
19/10/2018,140.78
20/10/2018,151.45
21/10/2018,152.81
22/10/2018,147.5
23/10/2018,139.25
24/10/2018,150.71
25/10/2018,144.37
26/10/2018,148.32
27/10/2018,141.16
28/10/2018,135.76
29/10/2018,132.88
30/10/2018,128.96
31/10/2018,132.7
01/11/2018,134.02
02/11/2018,132.44
03/11/2018,131.32
04/11/2018,124.61
05/11/2018,126.43
06/11/2018,130.97
07/11/2018,130.95
08/11/2018,126.99
09/11/2018,137.38
10/11/2018,133.79
11/11/2018,140.11
12/11/2018,137.75
13/11/2018,145.33
14/11/2018,135.04
15/11/2018,133.37
16/11/2018,145.93
17/11/2018,148.81
18/11/2018,153.16
19/11/2018,135.27
20/11/2018,141.12
21/11/2018,146.95
22/11/2018,154.18
23/11/2018,145.06
24/11/2018,143.2
25/11/2018,136.04
26/11/2018,131.31
27/11/2018,132.21
28/11/2018,127.67
29/11/2018,134.33
30/11/2018,139.2
01/12/2018,133.9
02/12/2018,132.08
03/12/2018,127.07
04/12/2018,126.1
05/12/2018,122.71
06/12/2018,117.4
07/12/2018,111.15
08/12/2018,103.06
09/12/2018,105.0
10/12/2018,98.91
11/12/2018,100.04
12/12/2018,103.9
13/12/2018,97.24
14/12/2018,94.77
15/12/2018,93.57
16/12/2018,97.3
17/12/2018,100.54
18/12/2018,95.45
19/12/2018,96.3
20/12/2018,92.88
21/12/2018,90.44
22/12/2018,90.96
23/12/2018,95.37
24/12/2018,94.27
25/12/2018,91.38
26/12/2018,90.13
27/12/2018,100.6
28/12/2018,101.48
29/12/2018,98.68
30/12/2018,94.35
31/12/2018,95.55
01/01/2019,95.48
02/01/2019,100.09
03/01/2019,107.61
04/01/2019,110.87
05/01/2019,110.36
06/01/2019,107.9
07/01/2019,109.21
08/01/2019,115.2
09/01/2019,111.88
10/01/2019,113.23
11/01/2019,118.15
12/01/2019,117.1
13/01/2019,124.67
14/01/2019,134.65
15/01/2019,130.79
16/01/2019,130.83
17/01/2019,126.48
18/01/2019,126.11
19/01/2019,126.19
20/01/2019,107.01
21/01/2019,101.69
22/01/2019,97.53
23/01/2019,101.49
24/01/2019,103.03
25/01/2019,90.37
26/01/2019,96.35
27/01/2019,103.88
28/01/2019,99.45
29/01/2019,103.4
30/01/2019,100.62
31/01/2019,100.67
01/02/2019,93.1
02/02/2019,95.14
03/02/2019,97.21
04/02/2019,88.35
05/02/2019,87.79
06/02/2019,98.01
07/02/2019,94.87
08/02/2019,91.28
09/02/2019,99.2
10/02/2019,93.34
11/02/2019,89.06
12/02/2019,93.75
13/02/2019,91.47
14/02/2019,89.68
15/02/2019,90.11
16/02/2019,91.14
17/02/2019,95.41
18/02/2019,87.21
19/02/2019,84.3
20/02/2019,86.48
21/02/2019,84.83
22/02/2019,82.88
23/02/2019,83.35
24/02/2019,79.79
25/02/2019,80.25
26/02/2019,80.6
27/02/2019,88.45
28/02/2019,84.58
01/03/2019,84.03
02/03/2019,84.19
03/03/2019,86.93
04/03/2019,87.7
05/03/2019,97.26
06/03/2019,100.53
07/03/2019,111.77
08/03/2019,126.51
09/03/2019,128.65
10/03/2019,119.55
11/03/2019,119.13
12/03/2019,126.89
13/03/2019,125.88
14/03/2019,124.18
15/03/2019,129.7
16/03/2019,145.08
17/03/2019,148.17
18/03/2019,153.61
19/03/2019,141.75
20/03/2019,142.27
21/03/2019,138.44
22/03/2019,122.07
23/03/2019,125.94
24/03/2019,125.96
25/03/2019,118.66
26/03/2019,111.9
27/03/2019,103.86
28/03/2019,105.81
29/03/2019,109.15
30/03/2019,108.54
31/03/2019,104.94
01/04/2019,101.14
02/04/2019,103.02
03/04/2019,102.14
04/04/2019,106.96
05/04/2019,98.14
06/04/2019,95.17
07/04/2019,96.46
08/04/2019,93.27
09/04/2019,90.67
10/04/2019,86.6
11/04/2019,90.25
12/04/2019,93.87
13/04/2019,92.0
14/04/2019,83.71
15/04/2019,85.71
16/04/2019,83.12
17/04/2019,86.88
18/04/2019,85.72
19/04/2019,83.35
20/04/2019,78.56
21/04/2019,83.31
22/04/2019,82.22
23/04/2019,82.74
24/04/2019,80.81
25/04/2019,79.4
26/04/2019,80.08
27/04/2019,78.29
28/04/2019,75.11
29/04/2019,76.98
30/04/2019,73.49
01/05/2019,69.46
02/05/2019,66.72
03/05/2019,68.87
04/05/2019,69.12
05/05/2019,67.71
06/05/2019,67.29
07/05/2019,66.01
08/05/2019,63.03
09/05/2019,67.23
10/05/2019,64.05
11/05/2019,66.65
12/05/2019,67.64
13/05/2019,66.01
14/05/2019,66.01
15/05/2019,66.92
16/05/2019,75.51
17/05/2019,72.8
18/05/2019,68.32
19/05/2019,73.79
20/05/2019,75.7
21/05/2019,75.98
22/05/2019,71.07
23/05/2019,66.56
24/05/2019,68.62
25/05/2019,66.23
26/05/2019,70.02
27/05/2019,65.47
28/05/2019,67.32
29/05/2019,62.55
30/05/2019,67.87
31/05/2019,60.16
01/06/2019,59.37
02/06/2019,55.93
03/06/2019,60.81
04/06/2019,62.0
05/06/2019,63.93
06/06/2019,69.64
07/06/2019,75.58
08/06/2019,73.99
09/06/2019,74.38
10/06/2019,78.42
11/06/2019,78.14
12/06/2019,73.52
13/06/2019,73.22
14/06/2019,69.4
15/06/2019,73.05
16/06/2019,77.9
17/06/2019,80.08
18/06/2019,78.03
19/06/2019,72.93
20/06/2019,69.92
21/06/2019,70.16
22/06/2019,67.43
23/06/2019,70.41
24/06/2019,70.7
25/06/2019,72.84
26/06/2019,75.0
27/06/2019,75.11
28/06/2019,78.94
29/06/2019,80.06
30/06/2019,78.99
01/07/2019,76.12
02/07/2019,77.48
03/07/2019,75.04
04/07/2019,69.65
05/07/2019,68.77
06/07/2019,72.4
07/07/2019,69.19
08/07/2019,67.43
09/07/2019,67.66
10/07/2019,61.93
11/07/2019,65.48
12/07/2019,67.5
13/07/2019,73.02
14/07/2019,75.62
15/07/2019,75.24
16/07/2019,83.76
17/07/2019,81.19
18/07/2019,81.33
19/07/2019,77.62
20/07/2019,79.13
21/07/2019,82.7
22/07/2019,83.22
23/07/2019,82.48
24/07/2019,81.7
25/07/2019,83.74
26/07/2019,84.68
27/07/2019,88.5
28/07/2019,98.02
29/07/2019,96.03
30/07/2019,94.89
31/07/2019,96.82
01/08/2019,96.84
02/08/2019,98.51
03/08/2019,86.57
04/08/2019,84.35
05/08/2019,88.99
06/08/2019,83.11
07/08/2019,86.32
08/08/2019,85.81
09/08/2019,83.93
10/08/2019,81.1
11/08/2019,82.1
12/08/2019,82.69
13/08/2019,80.33
14/08/2019,79.21
15/08/2019,78.48
16/08/2019,77.16
17/08/2019,74.42
18/08/2019,76.72
19/08/2019,75.27
20/08/2019,68.04
21/08/2019,68.64
22/08/2019,68.42
23/08/2019,68.47
24/08/2019,68.17
25/08/2019,63.07
26/08/2019,64.78
27/08/2019,64.46
28/08/2019,69.09
29/08/2019,66.22
30/08/2019,62.21
31/08/2019,61.64
01/09/2019,64.01
02/09/2019,57.04
03/09/2019,55.15
04/09/2019,53.1
05/09/2019,50.14
06/09/2019,49.16
07/09/2019,46.99
08/09/2019,50.55
09/09/2019,52.34
10/09/2019,56.25
11/09/2019,54.73
12/09/2019,57.92
13/09/2019,53.59
14/09/2019,52.13
15/09/2019,53.99
16/09/2019,56.0
17/09/2019,58.32
18/09/2019,57.83
19/09/2019,54.75
20/09/2019,51.93
21/09/2019,56.08
22/09/2019,59.92
23/09/2019,59.63
24/09/2019,56.27
25/09/2019,58.76
26/09/2019,60.76
27/09/2019,61.24
28/09/2019,66.63
29/09/2019,62.97
30/09/2019,62.97
01/10/2019,62.91
02/10/2019,68.39
03/10/2019,62.32
04/10/2019,62.58
05/10/2019,60.15
06/10/2019,64.91
07/10/2019,60.53
08/10/2019,59.4
09/10/2019,61.2
10/10/2019,56.56
11/10/2019,55.37
12/10/2019,51.77
13/10/2019,51.4
14/10/2019,49.3
15/10/2019,51.04
16/10/2019,54.17
17/10/2019,50.97
18/10/2019,47.89
19/10/2019,49.57
20/10/2019,51.47
21/10/2019,56.49
22/10/2019,56.77
23/10/2019,56.19
24/10/2019,54.65
25/10/2019,55.37
26/10/2019,60.21
27/10/2019,58.57
28/10/2019,63.23
29/10/2019,61.29
30/10/2019,62.83
31/10/2019,63.71
01/11/2019,62.99
02/11/2019,65.09
03/11/2019,67.59
04/11/2019,71.29
05/11/2019,75.0
06/11/2019,75.47
07/11/2019,66.74
08/11/2019,70.39
09/11/2019,66.54
10/11/2019,66.55
11/11/2019,66.1
12/11/2019,61.29
13/11/2019,63.92
14/11/2019,69.74
15/11/2019,73.14
16/11/2019,73.45
17/11/2019,70.19
18/11/2019,75.83
19/11/2019,74.8
20/11/2019,72.43
21/11/2019,72.76
22/11/2019,71.61
23/11/2019,73.5
24/11/2019,74.41
25/11/2019,77.1
26/11/2019,71.0
27/11/2019,77.96
28/11/2019,74.59
29/11/2019,71.35
30/11/2019,69.96
01/12/2019,67.81
02/12/2019,66.54
03/12/2019,76.62
04/12/2019,74.79
05/12/2019,78.62
06/12/2019,74.88
07/12/2019,74.18
08/12/2019,72.36
09/12/2019,72.1
10/12/2019,67.73
11/12/2019,66.99
12/12/2019,63.52
13/12/2019,60.43
14/12/2019,63.67
15/12/2019,63.13
16/12/2019,59.02
17/12/2019,57.96
18/12/2019,61.89
19/12/2019,63.11
20/12/2019,65.5
21/12/2019,60.49
22/12/2019,56.99
23/12/2019,52.82
24/12/2019,54.3
25/12/2019,53.2
26/12/2019,48.58
27/12/2019,48.92
28/12/2019,49.84
29/12/2019,50.34
30/12/2019,48.35
31/12/2019,50.05
01/01/2020,53.19
02/01/2020,53.12
03/01/2020,52.95
04/01/2020,57.52
05/01/2020,55.57
06/01/2020,48.88
07/01/2020,48.92
08/01/2020,53.16
09/01/2020,56.32
10/01/2020,57.4
11/01/2020,54.81
12/01/2020,52.77
13/01/2020,52.3
14/01/2020,46.69
15/01/2020,42.43
16/01/2020,40.19
17/01/2020,41.87
18/01/2020,40.42
19/01/2020,42.83
20/01/2020,41.84
21/01/2020,42.11
22/01/2020,42.48
23/01/2020,40.56
24/01/2020,40.74
25/01/2020,41.41
26/01/2020,36.04
27/01/2020,34.95
28/01/2020,33.95
29/01/2020,33.69
30/01/2020,34.53
31/01/2020,34.58
01/02/2020,31.32
02/02/2020,30.77
03/02/2020,31.18
04/02/2020,29.9
05/02/2020,30.79
06/02/2020,34.44
07/02/2020,33.86
08/02/2020,33.3
09/02/2020,32.7
10/02/2020,34.29
11/02/2020,33.58
12/02/2020,31.46
13/02/2020,33.24
14/02/2020,35.37
15/02/2020,36.77
16/02/2020,35.23
17/02/2020,34.89
18/02/2020,34.92
19/02/2020,34.61
20/02/2020,35.64
21/02/2020,38.23
22/02/2020,34.55
23/02/2020,35.77
24/02/2020,34.26
25/02/2020,36.49
26/02/2020,37.52
27/02/2020,36.89
28/02/2020,36.36
29/02/2020,34.87
01/03/2020,36.32
02/03/2020,36.44
03/03/2020,38.51
04/03/2020,40.76
05/03/2020,38.34
06/03/2020,38.06
07/03/2020,38.89
08/03/2020,37.3
09/03/2020,38.32
10/03/2020,39.05
11/03/2020,37.44
12/03/2020,38.96
13/03/2020,38.86
14/03/2020,39.57
15/03/2020,36.64
16/03/2020,39.49
17/03/2020,37.28
18/03/2020,34.6
19/03/2020,33.81
20/03/2020,32.84
21/03/2020,33.86
22/03/2020,33.02
23/03/2020,33.17
24/03/2020,35.79
25/03/2020,34.55
26/03/2020,35.23
27/03/2020,36.38
28/03/2020,40.11
29/03/2020,39.45
30/03/2020,40.64
31/03/2020,42.54
01/04/2020,41.25
02/04/2020,40.87
03/04/2020,40.89
04/04/2020,37.23
05/04/2020,35.72
06/04/2020,38.23
07/04/2020,37.23
08/04/2020,37.49
09/04/2020,39.75
10/04/2020,44.33
11/04/2020,40.56
12/04/2020,41.96
13/04/2020,45.41
14/04/2020,43.38
15/04/2020,43.02
16/04/2020,44.49
17/04/2020,44.42
18/04/2020,48.53
19/04/2020,46.94
20/04/2020,46.25
21/04/2020,47.42
22/04/2020,48.51
23/04/2020,44.19
24/04/2020,42.99
25/04/2020,46.13
26/04/2020,45.44
27/04/2020,44.91
28/04/2020,45.93
29/04/2020,47.26
30/04/2020,47.35
01/05/2020,44.6
02/05/2020,43.98
03/05/2020,40.05
04/05/2020,37.1
05/05/2020,35.22
06/05/2020,36.92
07/05/2020,37.03
08/05/2020,39.52
09/05/2020,39.81
10/05/2020,41.63
11/05/2020,45.43
12/05/2020,46.14
13/05/2020,45.31
14/05/2020,45.86
15/05/2020,41.81
16/05/2020,41.88
17/05/2020,40.71
18/05/2020,41.83
19/05/2020,42.92
20/05/2020,42.31
21/05/2020,42.43
22/05/2020,44.27
23/05/2020,46.08
24/05/2020,48.23
25/05/2020,49.3
26/05/2020,48.81
27/05/2020,53.38
28/05/2020,57.63
29/05/2020,58.27
30/05/2020,55.04
31/05/2020,56.73
01/06/2020,56.46
02/06/2020,58.93
03/06/2020,57.16
04/06/2020,59.97
05/06/2020,64.73
06/06/2020,68.41
07/06/2020,68.13
08/06/2020,65.66
09/06/2020,61.19
10/06/2020,60.19
11/06/2020,56.7
12/06/2020,64.41
13/06/2020,59.13
14/06/2020,62.18
15/06/2020,63.45
16/06/2020,62.82
17/06/2020,68.09
18/06/2020,67.91
19/06/2020,69.19
20/06/2020,67.55
21/06/2020,61.91
22/06/2020,62.72
23/06/2020,60.86
24/06/2020,60.23
25/06/2020,60.41
26/06/2020,68.47
27/06/2020,70.45
28/06/2020,66.67
29/06/2020,68.98
30/06/2020,69.1
01/07/2020,68.41
02/07/2020,73.16
03/07/2020,72.0
04/07/2020,77.5
05/07/2020,82.36
06/07/2020,82.49
07/07/2020,88.07
08/07/2020,91.25
09/07/2020,94.43
10/07/2020,98.96
11/07/2020,107.51
12/07/2020,112.29
13/07/2020,109.62
14/07/2020,105.67
15/07/2020,100.69
16/07/2020,111.71
17/07/2020,113.04
18/07/2020,116.81
19/07/2020,111.81
20/07/2020,116.0
21/07/2020,115.42
22/07/2020,112.01
23/07/2020,119.99
24/07/2020,130.32
25/07/2020,141.86
26/07/2020,150.56
27/07/2020,158.15
28/07/2020,165.28
29/07/2020,164.3
30/07/2020,143.9
31/07/2020,150.56
01/08/2020,133.11
02/08/2020,132.29
03/08/2020,141.02
04/08/2020,153.5
05/08/2020,152.99
06/08/2020,146.39
07/08/2020,139.03
08/08/2020,142.8
09/08/2020,151.34
10/08/2020,150.54
11/08/2020,135.32
12/08/2020,128.58
13/08/2020,139.68
14/08/2020,156.47
15/08/2020,159.48
16/08/2020,163.02
17/08/2020,162.91
18/08/2020,159.91
19/08/2020,153.89
20/08/2020,164.58
21/08/2020,161.21
22/08/2020,161.37
23/08/2020,171.91
24/08/2020,160.5
25/08/2020,159.86
26/08/2020,159.68
27/08/2020,173.72
28/08/2020,183.56
29/08/2020,185.14
30/08/2020,192.54
31/08/2020,189.45
01/09/2020,172.33
02/09/2020,158.0
03/09/2020,142.45
04/09/2020,137.75
05/09/2020,131.93
06/09/2020,132.95
07/09/2020,129.02
08/09/2020,135.27
09/09/2020,129.19
10/09/2020,134.91
11/09/2020,142.57
12/09/2020,150.02
13/09/2020,144.07
14/09/2020,143.99
15/09/2020,134.57
16/09/2020,134.5
17/09/2020,143.2
18/09/2020,140.81
19/09/2020,142.9
20/09/2020,138.07
21/09/2020,125.14
22/09/2020,120.18
23/09/2020,118.35
24/09/2020,122.42
25/09/2020,127.76
26/09/2020,134.39
27/09/2020,119.14
28/09/2020,117.13
29/09/2020,107.77
30/09/2020,113.75
01/10/2020,117.83
02/10/2020,111.93
03/10/2020,114.32
04/10/2020,111.97
05/10/2020,99.49
06/10/2020,98.12
07/10/2020,108.07
08/10/2020,104.53
09/10/2020,97.65
10/10/2020,94.13
11/10/2020,105.77
12/10/2020,107.73
13/10/2020,100.46
14/10/2020,103.38
15/10/2020,104.46
16/10/2020,102.95
17/10/2020,108.98
18/10/2020,110.03
19/10/2020,117.47
20/10/2020,111.35
21/10/2020,113.26
22/10/2020,106.68
23/10/2020,112.9
24/10/2020,104.99
25/10/2020,105.82
26/10/2020,110.34
27/10/2020,111.47
28/10/2020,114.58
29/10/2020,111.12
30/10/2020,111.45
31/10/2020,106.55
01/11/2020,107.98
02/11/2020,110.33
03/11/2020,110.59
04/11/2020,106.67
05/11/2020,110.14
06/11/2020,101.95
07/11/2020,97.09
08/11/2020,96.75
09/11/2020,101.88
10/11/2020,95.06
11/11/2020,98.4
12/11/2020,97.04
13/11/2020,94.83
14/11/2020,91.75
15/11/2020,87.94
16/11/2020,90.76
17/11/2020,102.1
18/11/2020,97.68
19/11/2020,98.79
20/11/2020,95.34
21/11/2020,96.08
22/11/2020,91.52
23/11/2020,91.9
24/11/2020,90.72
25/11/2020,87.54
26/11/2020,90.54
27/11/2020,93.38
28/11/2020,100.74
29/11/2020,98.07
30/11/2020,103.44
01/12/2020,108.42
02/12/2020,117.73
03/12/2020,125.78
04/12/2020,124.41
05/12/2020,122.36
06/12/2020,116.67
07/12/2020,111.34
08/12/2020,107.04
09/12/2020,106.53
10/12/2020,102.4
11/12/2020,93.37
12/12/2020,87.49
13/12/2020,90.96
14/12/2020,97.18
15/12/2020,91.96
16/12/2020,97.63
17/12/2020,91.99
18/12/2020,87.45
19/12/2020,89.61
20/12/2020,85.62
21/12/2020,87.24
22/12/2020,89.44
23/12/2020,90.27
24/12/2020,102.03
25/12/2020,98.67
26/12/2020,96.34
27/12/2020,93.85
28/12/2020,99.42
29/12/2020,100.78
30/12/2020,106.64
31/12/2020,102.93
01/01/2021,102.86
02/01/2021,104.59
03/01/2021,105.0
04/01/2021,101.12
05/01/2021,106.06
06/01/2021,107.91
07/01/2021,99.51
08/01/2021,104.97
09/01/2021,100.97
10/01/2021,104.32
11/01/2021,109.8
12/01/2021,106.96
13/01/2021,112.21
14/01/2021,104.86
15/01/2021,102.96
16/01/2021,96.71
17/01/2021,98.03
18/01/2021,101.45
19/01/2021,91.29
20/01/2021,97.16
21/01/2021,99.24
22/01/2021,100.75
23/01/2021,95.42
24/01/2021,91.96
25/01/2021,93.75
26/01/2021,102.42
27/01/2021,101.26
28/01/2021,110.61
29/01/2021,107.83
30/01/2021,115.8
31/01/2021,117.51
01/02/2021,122.8
02/02/2021,119.85
03/02/2021,112.77
04/02/2021,111.55
05/02/2021,112.49
06/02/2021,109.8
07/02/2021,104.21
08/02/2021,110.87
09/02/2021,121.69
10/02/2021,124.85
11/02/2021,123.51
12/02/2021,126.38
13/02/2021,125.24
14/02/2021,128.61
15/02/2021,119.95
16/02/2021,115.47
17/02/2021,123.12
18/02/2021,126.08
19/02/2021,118.4
20/02/2021,125.73
21/02/2021,123.54
22/02/2021,125.51
23/02/2021,118.75
24/02/2021,105.42
25/02/2021,104.07
26/02/2021,105.75
27/02/2021,103.84
28/02/2021,104.53
01/03/2021,100.54
02/03/2021,103.47
03/03/2021,99.67
04/03/2021,106.97
05/03/2021,107.2
06/03/2021,110.68
07/03/2021,98.69
08/03/2021,95.94
09/03/2021,93.55
10/03/2021,90.63
11/03/2021,91.01
12/03/2021,90.42
13/03/2021,88.31
14/03/2021,92.09
15/03/2021,91.2
16/03/2021,91.75
17/03/2021,94.14
18/03/2021,87.31
19/03/2021,89.96
20/03/2021,93.02
21/03/2021,82.67
22/03/2021,80.78
23/03/2021,84.45
24/03/2021,80.97
25/03/2021,84.9
26/03/2021,83.06
27/03/2021,84.99
28/03/2021,87.16
29/03/2021,82.08
30/03/2021,81.05
31/03/2021,81.71
01/04/2021,81.23
02/04/2021,77.08
03/04/2021,68.21
04/04/2021,69.32
05/04/2021,61.93
06/04/2021,56.84
07/04/2021,51.9
08/04/2021,52.52
09/04/2021,57.92
10/04/2021,57.83
11/04/2021,56.33
12/04/2021,58.4
13/04/2021,65.65
14/04/2021,67.31
15/04/2021,69.22
16/04/2021,61.73
17/04/2021,61.68
18/04/2021,63.61
19/04/2021,60.61
20/04/2021,60.62
21/04/2021,54.03
22/04/2021,52.57
23/04/2021,54.18
24/04/2021,55.2
25/04/2021,54.89
26/04/2021,53.05
27/04/2021,56.44
28/04/2021,58.47
29/04/2021,64.25
30/04/2021,63.4
01/05/2021,65.92
02/05/2021,64.71
03/05/2021,67.94
04/05/2021,73.65
05/05/2021,73.53
06/05/2021,69.26
07/05/2021,71.17
08/05/2021,71.25
09/05/2021,71.82
10/05/2021,64.5
11/05/2021,62.93
12/05/2021,60.2
13/05/2021,60.75
14/05/2021,64.59
15/05/2021,66.96
16/05/2021,63.6
17/05/2021,63.38
18/05/2021,61.24
19/05/2021,65.39
20/05/2021,69.85
21/05/2021,72.59
22/05/2021,70.92
23/05/2021,66.43
24/05/2021,64.48
25/05/2021,63.64
26/05/2021,67.1
27/05/2021,73.17
28/05/2021,75.56
29/05/2021,81.32
30/05/2021,74.52
31/05/2021,80.67
01/06/2021,80.97
02/06/2021,76.5
03/06/2021,84.26
04/06/2021,87.2
05/06/2021,83.56
06/06/2021,87.97
07/06/2021,85.26
08/06/2021,83.99
09/06/2021,87.21
10/06/2021,78.98
11/06/2021,85.01
12/06/2021,84.88
13/06/2021,86.38
14/06/2021,94.29
15/06/2021,94.42
16/06/2021,95.01
17/06/2021,95.01
18/06/2021,89.57
19/06/2021,92.2
20/06/2021,84.78
21/06/2021,84.01
22/06/2021,78.7
23/06/2021,77.49
24/06/2021,80.6
25/06/2021,79.4
26/06/2021,77.22
27/06/2021,76.13
28/06/2021,74.63
29/06/2021,76.47
30/06/2021,81.92
01/07/2021,77.64
02/07/2021,81.01
03/07/2021,82.4
04/07/2021,84.71
05/07/2021,88.55
06/07/2021,95.51
07/07/2021,98.68
08/07/2021,94.05
09/07/2021,98.6
10/07/2021,98.77
11/07/2021,94.18
12/07/2021,96.64
13/07/2021,87.83
14/07/2021,90.12
15/07/2021,90.39
16/07/2021,90.28
17/07/2021,91.76
18/07/2021,97.86
19/07/2021,97.77
20/07/2021,103.64
21/07/2021,96.87
22/07/2021,93.0
23/07/2021,100.46
24/07/2021,109.2
25/07/2021,121.21
26/07/2021,121.59
27/07/2021,108.87
28/07/2021,113.18
29/07/2021,100.0
30/07/2021,90.4
31/07/2021,96.66
01/08/2021,98.39
02/08/2021,103.75
03/08/2021,105.47
04/08/2021,108.07
05/08/2021,107.63
06/08/2021,116.06
07/08/2021,127.75
08/08/2021,122.28
09/08/2021,125.08
10/08/2021,123.26
11/08/2021,115.73
12/08/2021,117.9
13/08/2021,126.05
14/08/2021,131.46
15/08/2021,138.24
16/08/2021,134.17
17/08/2021,135.79
18/08/2021,132.68
19/08/2021,134.51
20/08/2021,143.29
21/08/2021,147.75
22/08/2021,144.07
23/08/2021,140.23
24/08/2021,139.08
25/08/2021,151.93
26/08/2021,142.93
27/08/2021,154.54
28/08/2021,159.42
29/08/2021,157.38
30/08/2021,146.98
31/08/2021,154.48
01/09/2021,146.19
02/09/2021,140.36
03/09/2021,143.23
04/09/2021,146.62
05/09/2021,147.34
06/09/2021,145.39
07/09/2021,152.09
08/09/2021,148.6
09/09/2021,147.54
10/09/2021,155.62
11/09/2021,149.77
12/09/2021,148.96
13/09/2021,153.23
14/09/2021,152.46
15/09/2021,149.4
16/09/2021,130.09
17/09/2021,122.84
18/09/2021,114.64
19/09/2021,115.05
20/09/2021,104.26
21/09/2021,99.71
22/09/2021,103.09
23/09/2021,102.19
24/09/2021,112.01
25/09/2021,117.56
26/09/2021,117.31
27/09/2021,120.67
28/09/2021,127.83
29/09/2021,127.67
30/09/2021,130.91
01/10/2021,137.49
02/10/2021,128.75
03/10/2021,130.14
04/10/2021,128.45
05/10/2021,122.29
06/10/2021,133.38
07/10/2021,134.83
08/10/2021,150.01
09/10/2021,156.99
10/10/2021,153.68
11/10/2021,155.84
12/10/2021,152.46
13/10/2021,146.35
14/10/2021,144.55
15/10/2021,148.47
16/10/2021,144.93
17/10/2021,146.86
18/10/2021,143.15
19/10/2021,145.3
20/10/2021,143.87
21/10/2021,149.63
22/10/2021,141.56
23/10/2021,154.8
24/10/2021,162.56
25/10/2021,166.63
26/10/2021,153.68
27/10/2021,147.87
28/10/2021,155.66
29/10/2021,147.75
30/10/2021,154.34
31/10/2021,159.49
01/11/2021,164.94
02/11/2021,163.39
03/11/2021,158.83
04/11/2021,162.66
05/11/2021,164.11
06/11/2021,157.92
07/11/2021,134.54
08/11/2021,139.41
09/11/2021,134.78
10/11/2021,135.51
11/11/2021,129.53
12/11/2021,135.38
13/11/2021,146.16
14/11/2021,147.82
15/11/2021,149.13
16/11/2021,157.09
17/11/2021,142.53
18/11/2021,133.41
19/11/2021,121.94
20/11/2021,122.47
21/11/2021,126.98
22/11/2021,129.69
23/11/2021,132.69
24/11/2021,132.49
25/11/2021,131.02
26/11/2021,124.53
27/11/2021,115.43
28/11/2021,115.93
29/11/2021,112.63
30/11/2021,118.13
01/12/2021,116.75
02/12/2021,122.28
03/12/2021,135.98
04/12/2021,131.61
05/12/2021,132.18
06/12/2021,131.33
07/12/2021,135.55
08/12/2021,130.76
09/12/2021,118.88
10/12/2021,114.4
11/12/2021,113.24
12/12/2021,115.17
13/12/2021,104.57
14/12/2021,86.09
15/12/2021,83.52
16/12/2021,84.5
17/12/2021,79.82
18/12/2021,75.14
19/12/2021,74.8
20/12/2021,72.54
21/12/2021,72.02
22/12/2021,73.78
23/12/2021,71.95
24/12/2021,75.9
25/12/2021,78.59
26/12/2021,76.35
27/12/2021,82.84
28/12/2021,83.62
29/12/2021,90.89
30/12/2021,92.23
31/12/2021,91.2
01/01/2022,96.22
02/01/2022,92.32
03/01/2022,91.44
04/01/2022,90.66
05/01/2022,93.45
06/01/2022,91.18
07/01/2022,91.44
08/01/2022,89.59
09/01/2022,83.47
10/01/2022,82.57
11/01/2022,74.33
12/01/2022,70.76
13/01/2022,66.43
14/01/2022,63.9
15/01/2022,67.58
16/01/2022,67.4
17/01/2022,64.84
18/01/2022,62.1
19/01/2022,59.63
20/01/2022,62.82
21/01/2022,60.16
22/01/2022,62.52
23/01/2022,67.81
24/01/2022,71.72
25/01/2022,71.96
26/01/2022,74.48
27/01/2022,74.23
28/01/2022,68.67
29/01/2022,72.75
30/01/2022,79.8
31/01/2022,78.02
01/02/2022,82.84
02/02/2022,80.22
03/02/2022,72.64
04/02/2022,74.55
05/02/2022,77.03
06/02/2022,76.72
07/02/2022,74.39
08/02/2022,74.13
09/02/2022,78.58
10/02/2022,75.12
11/02/2022,81.0
12/02/2022,84.23
13/02/2022,80.16
14/02/2022,81.61
15/02/2022,77.78
16/02/2022,72.77
17/02/2022,72.41
18/02/2022,69.85
19/02/2022,74.82
20/02/2022,74.32
21/02/2022,77.37
22/02/2022,83.18
23/02/2022,81.31
24/02/2022,83.75
25/02/2022,84.02
26/02/2022,81.62
27/02/2022,80.11
28/02/2022,75.78
01/03/2022,71.98
02/03/2022,71.19
03/03/2022,63.73
04/03/2022,69.31
05/03/2022,73.73
06/03/2022,76.52
07/03/2022,76.61
08/03/2022,88.6
09/03/2022,89.26
10/03/2022,85.29
11/03/2022,78.99
12/03/2022,76.72
13/03/2022,80.27
14/03/2022,81.99
15/03/2022,82.67
16/03/2022,84.95
17/03/2022,81.02
18/03/2022,80.37
19/03/2022,80.25
20/03/2022,81.21
21/03/2022,78.31
22/03/2022,78.85
23/03/2022,73.79
24/03/2022,73.25
25/03/2022,72.81
26/03/2022,73.78
27/03/2022,73.11
28/03/2022,72.04
29/03/2022,75.06
30/03/2022,76.29
31/03/2022,75.48
01/04/2022,75.41
02/04/2022,70.07
03/04/2022,62.47
04/04/2022,62.94
05/04/2022,62.98
06/04/2022,64.8
07/04/2022,62.73
08/04/2022,62.94
09/04/2022,65.63
10/04/2022,61.52
11/04/2022,65.63
12/04/2022,63.14
13/04/2022,68.75
14/04/2022,63.05
15/04/2022,65.61
16/04/2022,64.53
17/04/2022,62.87
18/04/2022,58.63
19/04/2022,54.87
20/04/2022,56.05
21/04/2022,55.86
22/04/2022,56.78
23/04/2022,54.08
24/04/2022,61.49
25/04/2022,63.63
26/04/2022,65.19
27/04/2022,63.99
28/04/2022,63.19
29/04/2022,62.8
30/04/2022,64.29
01/05/2022,67.87
02/05/2022,67.69
03/05/2022,67.97
04/05/2022,66.29
05/05/2022,66.44
06/05/2022,66.22
07/05/2022,68.4
08/05/2022,68.8
09/05/2022,66.41
10/05/2022,70.15
11/05/2022,68.48
12/05/2022,74.98
13/05/2022,75.79
14/05/2022,74.41
15/05/2022,72.94
16/05/2022,74.01
17/05/2022,76.98
18/05/2022,87.22
19/05/2022,90.32
20/05/2022,83.69
21/05/2022,83.01
22/05/2022,79.33
23/05/2022,77.51
24/05/2022,71.06
25/05/2022,68.56
26/05/2022,67.09
27/05/2022,61.49
28/05/2022,63.05
29/05/2022,63.61
30/05/2022,63.49
31/05/2022,60.93
01/06/2022,66.84
02/06/2022,66.72
03/06/2022,64.92
04/06/2022,71.59
05/06/2022,74.13
06/06/2022,72.15
07/06/2022,76.86
08/06/2022,78.03
09/06/2022,87.17
10/06/2022,79.66
11/06/2022,83.32
12/06/2022,82.75
13/06/2022,82.09
14/06/2022,82.59
15/06/2022,73.56
16/06/2022,76.37
17/06/2022,76.53
18/06/2022,79.45
19/06/2022,77.76
20/06/2022,74.77
21/06/2022,72.51
22/06/2022,71.16
23/06/2022,71.93
24/06/2022,71.32
25/06/2022,71.18
26/06/2022,75.53
27/06/2022,73.91
28/06/2022,73.38
29/06/2022,72.55
30/06/2022,70.14
01/07/2022,66.7
02/07/2022,64.76
03/07/2022,60.4
04/07/2022,61.24
05/07/2022,60.83
06/07/2022,63.79
07/07/2022,70.36
08/07/2022,66.62
09/07/2022,62.88
10/07/2022,61.73
11/07/2022,61.32
12/07/2022,59.06
13/07/2022,55.59
14/07/2022,53.37
15/07/2022,52.32
16/07/2022,58.28
17/07/2022,51.58
18/07/2022,52.06
19/07/2022,48.18
20/07/2022,46.79
21/07/2022,44.24
22/07/2022,40.66
23/07/2022,39.48
24/07/2022,42.99
25/07/2022,43.39
26/07/2022,40.32
27/07/2022,41.06
28/07/2022,42.31
29/07/2022,40.32
30/07/2022,40.57
31/07/2022,37.95
01/08/2022,37.17
02/08/2022,35.39
03/08/2022,33.91
04/08/2022,36.62
05/08/2022,37.51
06/08/2022,37.35
07/08/2022,36.06
08/08/2022,36.73
09/08/2022,35.99
10/08/2022,39.55
11/08/2022,38.38
12/08/2022,36.9
13/08/2022,37.97
14/08/2022,36.71
15/08/2022,34.59
16/08/2022,33.08
17/08/2022,33.94
18/08/2022,29.12
19/08/2022,32.38
20/08/2022,31.6
21/08/2022,30.81
22/08/2022,29.44
23/08/2022,31.77
24/08/2022,31.98
25/08/2022,30.84
26/08/2022,31.51
27/08/2022,30.11
28/08/2022,31.32
29/08/2022,32.28
30/08/2022,32.78
31/08/2022,31.69
01/09/2022,30.7
02/09/2022,29.82
03/09/2022,29.99
04/09/2022,27.62
05/09/2022,24.91
06/09/2022,25.79
07/09/2022,26.75
08/09/2022,26.35
09/09/2022,25.55
10/09/2022,24.22
11/09/2022,23.57
12/09/2022,23.44
13/09/2022,23.23
14/09/2022,21.43
15/09/2022,22.04
16/09/2022,20.86
17/09/2022,22.22
18/09/2022,20.3
19/09/2022,20.05
20/09/2022,20.09
21/09/2022,20.4
22/09/2022,18.84
23/09/2022,17.46
24/09/2022,17.96
25/09/2022,17.11
26/09/2022,17.07
27/09/2022,16.61
28/09/2022,16.67
29/09/2022,17.24
30/09/2022,18.33
01/10/2022,16.81
02/10/2022,16.59
03/10/2022,16.68
04/10/2022,17.02
05/10/2022,15.67
06/10/2022,14.57
07/10/2022,15.23
08/10/2022,15.3
09/10/2022,13.74
10/10/2022,14.16
11/10/2022,14.32
12/10/2022,15.25
13/10/2022,15.98
14/10/2022,15.19
15/10/2022,14.56
16/10/2022,14.25
17/10/2022,14.1
18/10/2022,13.87
19/10/2022,14.75
20/10/2022,13.45
21/10/2022,13.11
22/10/2022,13.19
23/10/2022,12.97
24/10/2022,14.04
25/10/2022,13.66
26/10/2022,14.85
27/10/2022,15.01
28/10/2022,14.78
29/10/2022,13.75
30/10/2022,13.85
31/10/2022,13.29
01/11/2022,13.51
02/11/2022,13.27
03/11/2022,13.16
04/11/2022,13.24
05/11/2022,11.89
06/11/2022,10.95
07/11/2022,11.25
08/11/2022,11.19
09/11/2022,10.5
10/11/2022,10.71
11/11/2022,10.74
12/11/2022,11.45
13/11/2022,11.57
14/11/2022,11.74
15/11/2022,11.64
16/11/2022,11.44
17/11/2022,11.05
18/11/2022,10.76
19/11/2022,10.6
20/11/2022,11.26
21/11/2022,11.36
22/11/2022,11.86
23/11/2022,12.19
24/11/2022,12.25
25/11/2022,12.36
26/11/2022,12.72
27/11/2022,12.99
28/11/2022,13.52
29/11/2022,14.33
30/11/2022,15.44
01/12/2022,16.41
02/12/2022,16.14
03/12/2022,16.44
04/12/2022,16.44
05/12/2022,16.68
06/12/2022,16.58
07/12/2022,15.6
08/12/2022,15.46
09/12/2022,14.93
10/12/2022,15.2
11/12/2022,15.55
12/12/2022,16.6
13/12/2022,16.01
14/12/2022,15.95
15/12/2022,16.59
16/12/2022,17.7
17/12/2022,16.37
18/12/2022,15.34
19/12/2022,16.31
20/12/2022,15.86
21/12/2022,15.14
22/12/2022,16.11
23/12/2022,16.01
24/12/2022,15.93
25/12/2022,15.5
26/12/2022,14.18
27/12/2022,15.25
28/12/2022,14.94
29/12/2022,15.33
30/12/2022,15.93
31/12/2022,15.43
