date,category,value
01/01/2013,Housing,1700.00
01/01/2013,Food,0.00
01/01/2013,Utilities,300.00
01/01/2013,Health,0.00
01/01/2013,Shopping,0.00
01/01/2013,Leisure,0.00
01/01/2013,Other,0.00
01/01/2013,Other,101.80
02/01/2013,Utilities,82.17
10/01/2013,Food,36.35
12/01/2013,Health,89.00
16/01/2013,Health,95.69
18/01/2013,Food,36.45
18/01/2013,Health,53.41
19/01/2013,Food,36.18
24/01/2013,Food,36.07
26/01/2013,Food,35.97
26/01/2013,Other,147.38
01/02/2013,Housing,1700.00
01/02/2013,Food,0.00
01/02/2013,Utilities,300.00
01/02/2013,Health,0.00
01/02/2013,Shopping,0.00
01/02/2013,Leisure,0.00
01/02/2013,Other,0.00
02/02/2013,Food,39.32
08/02/2013,Food,38.55
09/02/2013,Food,38.43
11/02/2013,Food,38.31
12/02/2013,Leisure,599.55
15/02/2013,Food,36.40
15/02/2013,Health,147.59
17/02/2013,Food,35.85
18/02/2013,Food,35.74
18/02/2013,Utilities,79.28
24/02/2013,Food,35.40
27/02/2013,Food,35.30
01/03/2013,Housing,1700.00
01/03/2013,Food,0.00
01/03/2013,Utilities,300.00
01/03/2013,Health,0.00
01/03/2013,Shopping,0.00
01/03/2013,Leisure,0.00
01/03/2013,Other,0.00
05/03/2013,Food,39.09
05/03/2013,Leisure,0.00
06/03/2013,Food,38.97
07/03/2013,Food,38.86
07/03/2013,Other,275.67
08/03/2013,Other,232.24
09/03/2013,Food,37.22
10/03/2013,Food,37.10
12/03/2013,Food,36.99
13/03/2013,Shopping,882.61
14/03/2013,Food,34.23
15/03/2013,Food,34.13
17/03/2013,Food,34.03
17/03/2013,Health,5.05
18/03/2013,Health,131.44
26/03/2013,Food,33.04
27/03/2013,Food,32.94
31/03/2013,Food,32.83
31/03/2013,Health,51.70
01/04/2013,Housing,1700.00
01/04/2013,Food,0.00
01/04/2013,Utilities,300.00
01/04/2013,Health,0.00
01/04/2013,Shopping,0.00
01/04/2013,Leisure,0.00
01/04/2013,Other,0.00
01/04/2013,Leisure,0.00
03/04/2013,Food,36.47
03/04/2013,Shopping,259.80
04/04/2013,Food,35.59
04/04/2013,Other,123.06
05/04/2013,Food,35.11
07/04/2013,Food,35.00
09/04/2013,Health,146.50
14/04/2013,Food,34.46
14/04/2013,Leisure,0.00
18/04/2013,Food,34.35
21/04/2013,Food,34.23
25/04/2013,Food,34.13
26/04/2013,Food,34.03
29/04/2013,Food,33.57
30/04/2013,Food,33.47
01/05/2013,Housing,1700.00
01/05/2013,Food,0.00
01/05/2013,Utilities,300.00
01/05/2013,Health,0.00
01/05/2013,Shopping,0.00
01/05/2013,Leisure,0.00
01/05/2013,Other,0.00
01/05/2013,Food,37.87
04/05/2013,Shopping,0.00
06/05/2013,Food,36.84
07/05/2013,Food,36.73
14/05/2013,Shopping,74.23
15/05/2013,Food,35.94
15/05/2013,Shopping,901.22
16/05/2013,Food,33.13
16/05/2013,Other,115.15
18/05/2013,Food,32.77
20/05/2013,Food,32.67
25/05/2013,Food,31.94
31/05/2013,Food,31.85
01/06/2013,Housing,1700.00
01/06/2013,Food,0.00
01/06/2013,Utilities,300.00
01/06/2013,Health,0.00
01/06/2013,Shopping,0.00
01/06/2013,Leisure,0.00
01/06/2013,Other,0.00
01/06/2013,Food,36.25
07/06/2013,Food,35.55
09/06/2013,Shopping,642.85
13/06/2013,Leisure,787.86
15/06/2013,Health,178.73
16/06/2013,Other,133.62
17/06/2013,Food,30.21
17/06/2013,Health,7.73
23/06/2013,Food,30.09
23/06/2013,Utilities,32.79
24/06/2013,Utilities,73.02
24/06/2013,Shopping,24.07
27/06/2013,Food,29.61
30/06/2013,Shopping,0.00
01/07/2013,Housing,1700.00
01/07/2013,Food,0.00
01/07/2013,Utilities,300.00
01/07/2013,Health,0.00
01/07/2013,Shopping,0.00
01/07/2013,Leisure,0.00
01/07/2013,Other,0.00
04/07/2013,Leisure,0.00
05/07/2013,Leisure,265.92
08/07/2013,Health,90.95
09/07/2013,Food,32.51
13/07/2013,Leisure,0.00
17/07/2013,Food,32.42
17/07/2013,Shopping,1253.24
21/07/2013,Food,28.56
26/07/2013,Food,28.47
28/07/2013,Food,28.39
28/07/2013,Utilities,60.14
30/07/2013,Food,28.12
31/07/2013,Food,28.04
31/07/2013,Leisure,237.63
01/08/2013,Housing,1700.00
01/08/2013,Food,0.00
01/08/2013,Utilities,300.00
01/08/2013,Health,0.00
01/08/2013,Shopping,0.00
01/08/2013,Leisure,0.00
01/08/2013,Other,0.00
01/08/2013,Food,31.74
03/08/2013,Shopping,217.21
05/08/2013,Food,30.39
09/08/2013,Food,30.30
12/08/2013,Food,30.21
13/08/2013,Utilities,58.42
18/08/2013,Food,29.95
22/08/2013,Food,29.85
24/08/2013,Food,29.76
24/08/2013,Leisure,0.00
27/08/2013,Food,30.78
01/09/2013,Housing,1700.00
01/09/2013,Food,0.00
01/09/2013,Utilities,300.00
01/09/2013,Health,0.00
01/09/2013,Shopping,0.00
01/09/2013,Leisure,0.00
01/09/2013,Other,0.00
01/09/2013,Food,35.19
03/09/2013,Health,95.47
05/09/2013,Food,33.72
09/09/2013,Food,33.62
14/09/2013,Food,33.51
16/09/2013,Food,33.41
16/09/2013,Other,181.25
17/09/2013,Food,32.77
19/09/2013,Food,32.67
21/09/2013,Food,32.57
21/09/2013,Utilities,67.15
22/09/2013,Shopping,415.28
23/09/2013,Other,109.05
24/09/2013,Utilities,36.15
25/09/2013,Shopping,98.68
28/09/2013,Food,30.90
01/10/2013,Housing,1700.00
01/10/2013,Food,0.00
01/10/2013,Utilities,300.00
01/10/2013,Health,0.00
01/10/2013,Shopping,0.00
01/10/2013,Leisure,0.00
01/10/2013,Other,0.00
01/10/2013,Food,35.31
03/10/2013,Food,34.60
03/10/2013,Health,55.63
03/10/2013,Shopping,0.00
07/10/2013,Housing,71.33
10/10/2013,Other,0.00
11/10/2013,Food,34.12
15/10/2013,Food,34.02
19/10/2013,Utilities,87.75
20/10/2013,Health,202.31
22/10/2013,Food,32.50
23/10/2013,Shopping,676.61
25/10/2013,Food,30.39
26/10/2013,Food,30.29
01/11/2013,Housing,1700.00
01/11/2013,Food,0.00
01/11/2013,Utilities,300.00
01/11/2013,Health,0.00
01/11/2013,Shopping,0.00
01/11/2013,Leisure,0.00
01/11/2013,Other,0.00
01/11/2013,Food,34.17
01/11/2013,Shopping,687.25
02/11/2013,Food,31.41
03/11/2013,Food,31.31
04/11/2013,Food,31.22
04/11/2013,Utilities,90.67
05/11/2013,Leisure,0.00
08/11/2013,Food,30.85
08/11/2013,Leisure,1113.61
11/11/2013,Food,27.42
12/11/2013,Food,27.34
14/11/2013,Food,27.24
15/11/2013,Food,27.16
16/11/2013,Leisure,0.00
18/11/2013,Food,27.08
18/11/2013,Leisure,0.00
23/11/2013,Food,26.70
23/11/2013,Health,65.14
26/11/2013,Food,26.42
27/11/2013,Leisure,0.00
01/12/2013,Housing,1700.00
01/12/2013,Food,0.00
01/12/2013,Utilities,300.00
01/12/2013,Health,0.00
01/12/2013,Shopping,0.00
01/12/2013,Leisure,0.00
01/12/2013,Other,0.00
03/12/2013,Utilities,62.94
05/12/2013,Shopping,355.85
06/12/2013,Shopping,113.42
07/12/2013,Food,28.60
10/12/2013,Food,28.52
11/12/2013,Food,28.43
13/12/2013,Shopping,0.00
14/12/2013,Food,28.35
15/12/2013,Food,28.26
18/12/2013,Food,28.18
20/12/2013,Food,27.86
22/12/2013,Food,27.77
25/12/2013,Food,27.69
27/12/2013,Shopping,0.00
28/12/2013,Food,27.61
29/12/2013,Other,147.62
30/12/2013,Food,27.08
30/12/2013,Utilities,100.45
01/01/2014,Housing,1700.00
01/01/2014,Food,0.00
01/01/2014,Utilities,300.00
01/01/2014,Health,0.00
01/01/2014,Shopping,0.00
01/01/2014,Leisure,0.00
01/01/2014,Other,0.00
02/01/2014,Food,30.60
04/01/2014,Leisure,511.83
07/01/2014,Food,28.97
10/01/2014,Leisure,310.37
13/01/2014,Food,27.95
14/01/2014,Food,27.87
15/01/2014,Food,27.79
16/01/2014,Food,27.71
17/01/2014,Food,27.62
18/01/2014,Food,27.54
21/01/2014,Food,27.46
22/01/2014,Food,27.38
27/01/2014,Food,27.29
27/01/2014,Shopping,427.01
27/01/2014,Leisure,48.10
28/01/2014,Leisure,255.73
29/01/2014,Shopping,0.00
30/01/2014,Food,25.02
30/01/2014,Utilities,66.22
01/02/2014,Housing,1700.00
01/02/2014,Food,0.00
01/02/2014,Utilities,300.00
01/02/2014,Health,0.00
01/02/2014,Shopping,0.00
01/02/2014,Leisure,0.00
01/02/2014,Other,0.00
02/02/2014,Food,28.63
03/02/2014,Other,0.00
06/02/2014,Food,28.54
08/02/2014,Utilities,47.98
09/02/2014,Shopping,0.00
09/02/2014,Other,170.71
12/02/2014,Food,27.80
12/02/2014,Utilities,85.68
15/02/2014,Food,27.00
16/02/2014,Food,26.92
17/02/2014,Food,26.84
20/02/2014,Food,26.76
22/02/2014,Food,26.68
24/02/2014,Food,26.60
24/02/2014,Health,47.30
24/02/2014,Leisure,0.00
26/02/2014,Food,26.38
01/03/2014,Housing,1700.00
01/03/2014,Food,0.00
01/03/2014,Utilities,300.00
01/03/2014,Health,0.00
01/03/2014,Shopping,0.00
01/03/2014,Leisure,0.00
01/03/2014,Other,0.00
01/03/2014,Health,84.83
01/03/2014,Shopping,0.00
04/03/2014,Food,29.39
04/03/2014,Utilities,43.74
04/03/2014,Leisure,0.00
05/03/2014,Food,29.17
06/03/2014,Food,29.08
09/03/2014,Food,29.00
10/03/2014,Leisure,0.00
11/03/2014,Leisure,0.00
14/03/2014,Food,28.91
17/03/2014,Health,157.37
20/03/2014,Food,27.95
24/03/2014,Food,27.87
26/03/2014,Food,27.78
26/03/2014,Leisure,0.00
01/04/2014,Housing,1700.00
01/04/2014,Food,0.00
01/04/2014,Utilities,300.00
01/04/2014,Health,0.00
01/04/2014,Shopping,0.00
01/04/2014,Leisure,0.00
01/04/2014,Other,0.00
02/04/2014,Food,31.39
11/04/2014,Shopping,0.00
12/04/2014,Shopping,0.00
16/04/2014,Health,134.98
17/04/2014,Food,30.89
20/04/2014,Food,30.80
21/04/2014,Food,30.71
25/04/2014,Other,85.80
30/04/2014,Food,30.36
01/05/2014,Housing,1700.00
01/05/2014,Food,0.00
01/05/2014,Utilities,300.00
01/05/2014,Health,0.00
01/05/2014,Shopping,0.00
01/05/2014,Leisure,0.00
01/05/2014,Other,0.00
03/05/2014,Other,51.47
05/05/2014,Food,34.01
07/05/2014,Health,59.68
09/05/2014,Other,0.00
10/05/2014,Other,214.48
16/05/2014,Leisure,96.58
18/05/2014,Food,32.93
19/05/2014,Food,32.83
21/05/2014,Food,32.73
23/05/2014,Food,32.63
24/05/2014,Food,32.54
25/05/2014,Health,35.95
27/05/2014,Food,32.33
29/05/2014,Food,32.23
01/06/2014,Housing,1700.00
01/06/2014,Food,0.00
01/06/2014,Utilities,300.00
01/06/2014,Health,0.00
01/06/2014,Shopping,0.00
01/06/2014,Leisure,0.00
01/06/2014,Other,0.00
04/06/2014,Shopping,193.11
07/06/2014,Other,333.21
10/06/2014,Food,34.46
11/06/2014,Food,34.35
12/06/2014,Food,34.25
13/06/2014,Food,34.15
13/06/2014,Other,178.58
14/06/2014,Housing,82.39
14/06/2014,Shopping,630.27
15/06/2014,Food,31.37
16/06/2014,Other,92.93
18/06/2014,Food,31.01
19/06/2014,Food,30.92
21/06/2014,Food,30.83
26/06/2014,Food,30.74
29/06/2014,Food,30.64
30/06/2014,Leisure,0.00
01/07/2014,Housing,1700.00
01/07/2014,Food,0.00
01/07/2014,Utilities,300.00
01/07/2014,Health,0.00
01/07/2014,Shopping,0.00
01/07/2014,Leisure,0.00
01/07/2014,Other,0.00
01/07/2014,Shopping,598.67
05/07/2014,Food,32.65
05/07/2014,Health,31.60
08/07/2014,Shopping,110.09
10/07/2014,Food,31.75
11/07/2014,Food,31.65
13/07/2014,Other,132.31
14/07/2014,Food,30.69
16/07/2014,Food,30.60
18/07/2014,Health,0.00
22/07/2014,Shopping,0.00
28/07/2014,Food,30.50
29/07/2014,Food,30.41
30/07/2014,Food,30.32
30/07/2014,Shopping,0.00
01/08/2014,Housing,1700.00
01/08/2014,Food,0.00
01/08/2014,Utilities,300.00
01/08/2014,Health,0.00
01/08/2014,Shopping,0.00
01/08/2014,Leisure,0.00
01/08/2014,Other,0.00
02/08/2014,Food,34.13
04/08/2014,Food,34.03
05/08/2014,Health,98.01
07/08/2014,Food,33.63
09/08/2014,Health,68.94
13/08/2014,Shopping,0.00
15/08/2014,Food,33.30
15/08/2014,Leisure,0.00
16/08/2014,Food,33.20
17/08/2014,Shopping,340.79
17/08/2014,Other,42.13
19/08/2014,Leisure,376.92
22/08/2014,Food,30.82
22/08/2014,Health,82.02
25/08/2014,Food,30.48
31/08/2014,Food,31.07
01/09/2014,Housing,1700.00
01/09/2014,Food,0.00
01/09/2014,Utilities,300.00
01/09/2014,Health,0.00
01/09/2014,Shopping,0.00
01/09/2014,Leisure,0.00
01/09/2014,Other,0.00
05/09/2014,Food,34.88
06/09/2014,Food,34.77
13/09/2014,Leisure,0.00
14/09/2014,Food,34.67
17/09/2014,Food,34.56
19/09/2014,Shopping,114.28
22/09/2014,Shopping,0.00
23/09/2014,Food,34.12
24/09/2014,Food,34.02
27/09/2014,Food,33.91
28/09/2014,Utilities,60.26
29/09/2014,Food,33.63
29/09/2014,Shopping,158.33
01/10/2014,Housing,1700.00
01/10/2014,Food,0.00
01/10/2014,Utilities,300.00
01/10/2014,Health,0.00
01/10/2014,Shopping,0.00
01/10/2014,Leisure,0.00
01/10/2014,Other,0.00
01/10/2014,Food,37.56
01/10/2014,Other,122.45
02/10/2014,Food,36.48
04/10/2014,Other,129.65
06/10/2014,Food,35.98
07/10/2014,Food,35.86
07/10/2014,Other,176.85
12/10/2014,Food,35.22
12/10/2014,Health,0.00
16/10/2014,Food,35.12
16/10/2014,Other,210.85
18/10/2014,Health,12.65
19/10/2014,Food,34.34
22/10/2014,Leisure,999.34
27/10/2014,Shopping,0.00
29/10/2014,Food,31.23
30/10/2014,Food,31.14
01/11/2014,Housing,1700.00
01/11/2014,Food,0.00
01/11/2014,Utilities,300.00
01/11/2014,Health,0.00
01/11/2014,Shopping,0.00
01/11/2014,Leisure,0.00
01/11/2014,Other,0.00
01/11/2014,Food,35.55
04/11/2014,Food,34.84
07/11/2014,Food,34.73
11/11/2014,Food,33.88
12/11/2014,Health,109.56
14/11/2014,Food,33.45
19/11/2014,Other,274.05
21/11/2014,Food,32.53
21/11/2014,Shopping,208.70
22/11/2014,Food,31.21
23/11/2014,Utilities,98.16
24/11/2014,Health,26.90
25/11/2014,Shopping,560.74
01/12/2014,Housing,1700.00
01/12/2014,Food,0.00
01/12/2014,Utilities,300.00
01/12/2014,Health,0.00
01/12/2014,Shopping,0.00
01/12/2014,Leisure,0.00
01/12/2014,Other,0.00
04/12/2014,Food,32.83
06/12/2014,Shopping,478.39
08/12/2014,Health,117.85
10/12/2014,Food,30.93
11/12/2014,Food,30.84
15/12/2014,Food,30.74
16/12/2014,Food,30.65
18/12/2014,Food,30.56
19/12/2014,Food,30.47
20/12/2014,Food,30.38
25/12/2014,Food,30.27
26/12/2014,Food,30.16
30/12/2014,Food,30.07
01/01/2015,Housing,1700.00
01/01/2015,Food,0.00
01/01/2015,Utilities,300.00
01/01/2015,Health,0.00
01/01/2015,Shopping,0.00
01/01/2015,Leisure,0.00
01/01/2015,Other,0.00
06/01/2015,Food,34.20
07/01/2015,Food,34.09
07/01/2015,Utilities,85.18
08/01/2015,Food,33.74
09/01/2015,Food,33.64
11/01/2015,Food,33.53
14/01/2015,Food,33.43
17/01/2015,Health,0.00
19/01/2015,Food,33.70
21/01/2015,Health,124.18
22/01/2015,Food,33.23
25/01/2015,Food,33.13
28/01/2015,Food,33.03
29/01/2015,Food,32.93
31/01/2015,Other,78.00
01/02/2015,Housing,1700.00
01/02/2015,Food,0.00
01/02/2015,Utilities,300.00
01/02/2015,Health,0.00
01/02/2015,Shopping,0.00
01/02/2015,Leisure,0.00
01/02/2015,Other,0.00
03/02/2015,Other,0.00
05/02/2015,Shopping,0.00
07/02/2015,Food,36.53
08/02/2015,Food,36.42
10/02/2015,Food,36.31
13/02/2015,Food,36.20
20/02/2015,Shopping,0.00
22/02/2015,Food,36.10
23/02/2015,Health,55.47
24/02/2015,Food,35.82
25/02/2015,Other,263.85
26/02/2015,Food,34.92
01/03/2015,Housing,1700.00
01/03/2015,Food,0.00
01/03/2015,Utilities,300.00
01/03/2015,Health,0.00
01/03/2015,Shopping,0.00
01/03/2015,Leisure,0.00
01/03/2015,Other,0.00
05/03/2015,Food,38.72
13/03/2015,Food,39.45
17/03/2015,Utilities,46.42
22/03/2015,Food,39.19
24/03/2015,Food,39.07
25/03/2015,Shopping,0.00
26/03/2015,Leisure,0.00
27/03/2015,Food,38.95
01/04/2015,Housing,1700.00
01/04/2015,Food,0.00
01/04/2015,Utilities,300.00
01/04/2015,Health,0.00
01/04/2015,Shopping,0.00
01/04/2015,Leisure,0.00
01/04/2015,Other,0.00
03/04/2015,Food,42.74
05/04/2015,Food,42.62
06/04/2015,Utilities,88.58
06/04/2015,Leisure,149.23
07/04/2015,Food,41.78
07/04/2015,Other,65.57
10/04/2015,Food,41.90
11/04/2015,Food,41.79
15/04/2015,Food,41.66
16/04/2015,Leisure,1073.05
19/04/2015,Other,242.71
21/04/2015,Food,37.59
26/04/2015,Food,37.48
27/04/2015,Health,71.65
30/04/2015,Housing,209.79
01/05/2015,Housing,1700.00
01/05/2015,Food,0.00
01/05/2015,Utilities,300.00
01/05/2015,Health,0.00
01/05/2015,Shopping,0.00
01/05/2015,Leisure,0.00
01/05/2015,Other,0.00
04/05/2015,Health,69.94
07/05/2015,Utilities,91.59
08/05/2015,Leisure,88.26
10/05/2015,Food,39.14
10/05/2015,Shopping,0.00
12/05/2015,Food,39.02
13/05/2015,Food,38.90
16/05/2015,Utilities,98.38
18/05/2015,Food,38.49
20/05/2015,Shopping,572.44
20/05/2015,Other,157.65
23/05/2015,Food,36.18
25/05/2015,Housing,204.34
27/05/2015,Food,35.46
27/05/2015,Other,163.10
29/05/2015,Food,34.86
31/05/2015,Shopping,0.00
01/06/2015,Housing,1700.00
01/06/2015,Food,0.00
01/06/2015,Utilities,300.00
01/06/2015,Health,0.00
01/06/2015,Shopping,0.00
01/06/2015,Leisure,0.00
01/06/2015,Other,0.00
03/06/2015,Food,38.62
04/06/2015,Food,38.51
05/06/2015,Food,38.39
09/06/2015,Food,38.82
12/06/2015,Other,166.44
16/06/2015,Food,38.19
17/06/2015,Leisure,197.05
18/06/2015,Food,37.49
24/06/2015,Health,123.07
26/06/2015,Utilities,61.03
28/06/2015,Other,205.83
01/07/2015,Housing,1700.00
01/07/2015,Food,0.00
01/07/2015,Utilities,300.00
01/07/2015,Health,0.00
01/07/2015,Shopping,0.00
01/07/2015,Leisure,0.00
01/07/2015,Other,0.00
04/07/2015,Health,100.40
05/07/2015,Food,39.80
09/07/2015,Food,40.31
14/07/2015,Food,40.19
15/07/2015,Food,40.07
15/07/2015,Leisure,0.00
17/07/2015,Food,39.95
20/07/2015,Other,93.31
30/07/2015,Health,69.61
01/08/2015,Housing,1700.00
01/08/2015,Food,0.00
01/08/2015,Utilities,300.00
01/08/2015,Health,0.00
01/08/2015,Shopping,0.00
01/08/2015,Leisure,0.00
01/08/2015,Other,0.00
01/08/2015,Food,43.31
02/08/2015,Food,42.58
03/08/2015,Other,49.30
04/08/2015,Shopping,91.86
10/08/2015,Food,42.03
13/08/2015,Food,41.91
17/08/2015,Food,41.76
19/08/2015,Health,94.80
20/08/2015,Health,13.57
21/08/2015,Food,41.64
29/08/2015,Food,41.52
01/09/2015,Housing,1700.00
01/09/2015,Food,0.00
01/09/2015,Utilities,300.00
01/09/2015,Health,0.00
01/09/2015,Shopping,0.00
01/09/2015,Leisure,0.00
01/09/2015,Other,0.00
04/09/2015,Food,45.30
06/09/2015,Food,45.16
09/09/2015,Food,45.03
12/09/2015,Food,44.89
21/09/2015,Food,43.31
22/09/2015,Food,43.18
24/09/2015,Utilities,71.49
26/09/2015,Leisure,0.00
29/09/2015,Food,42.84
01/10/2015,Housing,1700.00
01/10/2015,Food,0.00
01/10/2015,Utilities,300.00
01/10/2015,Health,0.00
01/10/2015,Shopping,0.00
01/10/2015,Leisure,0.00
01/10/2015,Other,0.00
01/10/2015,Food,47.21
02/10/2015,Food,46.47
04/10/2015,Food,46.34
05/10/2015,Food,46.20
06/10/2015,Food,46.06
12/10/2015,Food,45.92
17/10/2015,Health,97.94
19/10/2015,Food,45.49
22/10/2015,Utilities,138.45
27/10/2015,Food,44.94
29/10/2015,Food,44.81
30/10/2015,Food,44.68
01/11/2015,Housing,1700.00
01/11/2015,Food,0.00
01/11/2015,Utilities,300.00
01/11/2015,Health,0.00
01/11/2015,Shopping,0.00
01/11/2015,Leisure,0.00
01/11/2015,Other,0.00
02/11/2015,Food,48.45
02/11/2015,Health,70.02
02/11/2015,Leisure,858.70
03/11/2015,Food,45.53
04/11/2015,Food,45.40
05/11/2015,Food,45.26
06/11/2015,Food,45.12
06/11/2015,Other,174.40
07/11/2015,Food,44.47
10/11/2015,Food,44.33
11/11/2015,Food,44.20
13/11/2015,Shopping,62.12
14/11/2015,Leisure,0.00
16/11/2015,Utilities,54.81
17/11/2015,Food,43.72
19/11/2015,Food,43.58
20/11/2015,Food,42.90
22/11/2015,Food,42.77
24/11/2015,Health,83.51
30/11/2015,Food,42.40
01/12/2015,Housing,1700.00
01/12/2015,Food,0.00
01/12/2015,Utilities,300.00
01/12/2015,Health,0.00
01/12/2015,Shopping,0.00
01/12/2015,Leisure,0.00
01/12/2015,Other,0.00
03/12/2015,Food,46.17
06/12/2015,Food,46.03
07/12/2015,Food,45.89
08/12/2015,Food,45.75
08/12/2015,Shopping,296.48
09/12/2015,Food,44.73
11/12/2015,Food,44.59
12/12/2015,Food,44.46
13/12/2015,Food,44.33
13/12/2015,Health,61.59
14/12/2015,Food,44.01
14/12/2015,Utilities,76.95
17/12/2015,Food,43.65
18/12/2015,Food,43.51
21/12/2015,Leisure,0.00
26/12/2015,Food,43.40
29/12/2015,Other,123.08
01/01/2016,Housing,1700.00
01/01/2016,Food,0.00
01/01/2016,Utilities,300.00
01/01/2016,Health,0.00
01/01/2016,Shopping,0.00
01/01/2016,Leisure,0.00
01/01/2016,Other,0.00
04/01/2016,Food,46.80
06/01/2016,Food,46.66
09/01/2016,Food,46.52
14/01/2016,Leisure,624.22
16/01/2016,Food,44.51
21/01/2016,Food,44.38
22/01/2016,Food,43.34
23/01/2016,Food,43.21
24/01/2016,Food,43.08
27/01/2016,Food,42.96
27/01/2016,Utilities,70.83
30/01/2016,Food,42.61
30/01/2016,Utilities,77.89
01/02/2016,Housing,1700.00
01/02/2016,Food,0.00
01/02/2016,Utilities,300.00
01/02/2016,Health,0.00
01/02/2016,Shopping,0.00
01/02/2016,Leisure,0.00
01/02/2016,Other,0.00
01/02/2016,Food,46.75
02/02/2016,Food,46.01
02/02/2016,Utilities,95.40
03/02/2016,Food,45.59
06/02/2016,Leisure,380.33
07/02/2016,Food,44.33
08/02/2016,Food,44.20
08/02/2016,Health,108.07
10/02/2016,Food,43.74
10/02/2016,Other,129.76
11/02/2016,Food,43.22
12/02/2016,Food,43.09
14/02/2016,Other,131.48
16/02/2016,Food,42.19
17/02/2016,Utilities,39.31
18/02/2016,Food,41.95
19/02/2016,Food,41.82
25/02/2016,Utilities,96.69
01/03/2016,Housing,1700.00
01/03/2016,Food,0.00
01/03/2016,Utilities,300.00
01/03/2016,Health,0.00
01/03/2016,Shopping,0.00
01/03/2016,Leisure,0.00
01/03/2016,Other,0.00
01/03/2016,Food,46.46
02/03/2016,Food,45.72
09/03/2016,Other,127.02
10/03/2016,Food,46.13
10/03/2016,Health,34.88
11/03/2016,Food,45.89
13/03/2016,Health,107.29
17/03/2016,Food,44.67
18/03/2016,Food,44.53
19/03/2016,Food,44.40
19/03/2016,Other,199.62
25/03/2016,Food,43.86
27/03/2016,Food,43.73
29/03/2016,Food,43.60
31/03/2016,Food,43.47
01/04/2016,Housing,1700.00
01/04/2016,Food,0.00
01/04/2016,Utilities,300.00
01/04/2016,Health,0.00
01/04/2016,Shopping,0.00
01/04/2016,Leisure,0.00
01/04/2016,Other,0.00
03/04/2016,Food,47.24
07/04/2016,Food,47.09
09/04/2016,Food,46.24
11/04/2016,Food,46.10
12/04/2016,Other,48.64
13/04/2016,Food,45.82
16/04/2016,Food,45.67
17/04/2016,Food,45.54
18/04/2016,Utilities,59.68
21/04/2016,Shopping,0.00
23/04/2016,Food,45.22
25/04/2016,Food,45.08
26/04/2016,Shopping,1418.66
01/05/2016,Housing,1700.00
01/05/2016,Food,0.00
01/05/2016,Utilities,300.00
01/05/2016,Health,0.00
01/05/2016,Shopping,0.00
01/05/2016,Leisure,0.00
01/05/2016,Other,0.00
07/05/2016,Food,44.59
14/05/2016,Food,46.08
31/05/2016,Food,45.25
01/06/2016,Housing,1700.00
01/06/2016,Food,0.00
01/06/2016,Utilities,300.00
01/06/2016,Health,0.00
01/06/2016,Shopping,0.00
01/06/2016,Leisure,0.00
01/06/2016,Other,0.00
02/06/2016,Food,49.02
10/06/2016,Food,48.87
15/06/2016,Other,110.14
16/06/2016,Food,47.65
19/06/2016,Food,47.51
19/06/2016,Health,102.47
20/06/2016,Housing,62.87
20/06/2016,Food,47.04
21/06/2016,Food,46.71
22/06/2016,Leisure,0.00
24/06/2016,Food,46.57
26/06/2016,Leisure,150.01
26/06/2016,Other,84.92
27/06/2016,Food,45.70
28/06/2016,Food,45.57
28/06/2016,Other,278.98
01/07/2016,Housing,1700.00
01/07/2016,Food,0.00
01/07/2016,Utilities,300.00
01/07/2016,Health,0.00
01/07/2016,Shopping,0.00
01/07/2016,Leisure,0.00
01/07/2016,Other,0.00
02/07/2016,Food,48.48
11/07/2016,Food,48.34
11/07/2016,Utilities,97.44
14/07/2016,Food,47.90
17/07/2016,Food,47.75
18/07/2016,Food,47.61
28/07/2016,Food,47.46
29/07/2016,Other,61.75
01/08/2016,Housing,1700.00
01/08/2016,Food,0.00
01/08/2016,Utilities,300.00
01/08/2016,Health,0.00
01/08/2016,Shopping,0.00
01/08/2016,Leisure,0.00
01/08/2016,Other,0.00
01/08/2016,Food,51.64
01/08/2016,Shopping,132.62
03/08/2016,Other,90.27
04/08/2016,Food,50.21
06/08/2016,Food,50.06
06/08/2016,Shopping,0.00
06/08/2016,Other,211.73
14/08/2016,Food,49.28
16/08/2016,Food,49.13
26/08/2016,Health,100.07
28/08/2016,Food,47.90
31/08/2016,Food,47.76
01/09/2016,Housing,1700.00
01/09/2016,Food,0.00
01/09/2016,Utilities,300.00
01/09/2016,Health,0.00
01/09/2016,Shopping,0.00
01/09/2016,Leisure,0.00
01/09/2016,Other,0.00
01/09/2016,Other,181.19
02/09/2016,Food,50.97
02/09/2016,Other,24.66
03/09/2016,Food,50.74
08/09/2016,Food,50.59
14/09/2016,Housing,8.84
19/09/2016,Food,50.42
22/09/2016,Food,50.27
23/09/2016,Food,50.12
24/09/2016,Shopping,233.24
25/09/2016,Food,50.11
25/09/2016,Shopping,0.00
27/09/2016,Food,49.96
01/10/2016,Housing,1700.00
01/10/2016,Food,0.00
01/10/2016,Utilities,300.00
01/10/2016,Health,0.00
01/10/2016,Shopping,0.00
01/10/2016,Leisure,0.00
01/10/2016,Other,0.00
02/10/2016,Food,53.71
03/10/2016,Food,53.55
05/10/2016,Food,53.39
06/10/2016,Food,53.23
08/10/2016,Shopping,0.00
10/10/2016,Leisure,0.00
10/10/2016,Other,154.69
11/10/2016,Leisure,53.03
16/10/2016,Food,52.44
18/10/2016,Food,52.29
24/10/2016,Leisure,15.79
27/10/2016,Other,238.52
28/10/2016,Food,51.37
01/11/2016,Housing,1700.00
01/11/2016,Food,0.00
01/11/2016,Utilities,300.00
01/11/2016,Health,0.00
01/11/2016,Shopping,0.00
01/11/2016,Leisure,0.00
01/11/2016,Other,0.00
02/11/2016,Other,472.19
04/11/2016,Leisure,0.00
06/11/2016,Food,53.70
08/11/2016,Housing,180.85
09/11/2016,Food,52.99
10/11/2016,Food,52.83
12/11/2016,Food,52.67
20/11/2016,Shopping,648.41
22/11/2016,Shopping,112.26
24/11/2016,Leisure,0.00
26/11/2016,Food,50.23
27/11/2016,Food,50.08
27/11/2016,Shopping,0.00
28/11/2016,Shopping,450.25
29/11/2016,Other,78.10
30/11/2016,Food,47.58
01/12/2016,Housing,1700.00
01/12/2016,Food,0.00
01/12/2016,Utilities,300.00
01/12/2016,Health,0.00
01/12/2016,Shopping,0.00
01/12/2016,Leisure,0.00
01/12/2016,Other,0.00
07/12/2016,Food,51.34
14/12/2016,Shopping,1067.79
15/12/2016,Utilities,114.18
16/12/2016,Shopping,96.29
17/12/2016,Other,116.35
18/12/2016,Utilities,83.01
20/12/2016,Food,46.75
22/12/2016,Housing,126.61
24/12/2016,Food,44.66
25/12/2016,Shopping,789.77
28/12/2016,Other,112.57
29/12/2016,Food,41.79
01/01/2017,Housing,1700.00
01/01/2017,Food,0.00
01/01/2017,Utilities,300.00
01/01/2017,Health,0.00
01/01/2017,Shopping,0.00
01/01/2017,Leisure,0.00
01/01/2017,Other,0.00
02/01/2017,Health,107.94
04/01/2017,Food,44.66
06/01/2017,Food,44.53
08/01/2017,Food,44.39
09/01/2017,Food,44.26
09/01/2017,Other,113.17
14/01/2017,Food,43.14
15/01/2017,Food,43.01
19/01/2017,Food,42.88
24/01/2017,Food,42.75
25/01/2017,Food,42.62
28/01/2017,Food,42.49
31/01/2017,Other,104.29
01/02/2017,Housing,1700.00
01/02/2017,Food,0.00
01/02/2017,Utilities,300.00
01/02/2017,Health,0.00
01/02/2017,Shopping,0.00
01/02/2017,Leisure,0.00
01/02/2017,Other,0.00
01/02/2017,Food,46.79
02/02/2017,Food,46.05
09/02/2017,Food,45.91
11/02/2017,Food,45.77
14/02/2017,Food,45.65
16/02/2017,Utilities,96.78
19/02/2017,Food,45.22
19/02/2017,Health,65.50
24/02/2017,Food,44.89
24/02/2017,Health,160.85
26/02/2017,Food,44.27
28/02/2017,Food,43.68
01/03/2017,Housing,1700.00
01/03/2017,Food,0.00
01/03/2017,Utilities,300.00
01/03/2017,Health,0.00
01/03/2017,Shopping,0.00
01/03/2017,Leisure,0.00
01/03/2017,Other,0.00
01/03/2017,Food,48.05
01/03/2017,Leisure,778.20
03/03/2017,Food,44.97
05/03/2017,Health,34.56
07/03/2017,Food,44.74
10/03/2017,Food,44.61
13/03/2017,Food,44.47
16/03/2017,Other,0.00
18/03/2017,Food,44.34
18/03/2017,Utilities,78.48
21/03/2017,Food,43.97
23/03/2017,Food,43.84
25/03/2017,Food,43.71
25/03/2017,Health,118.39
27/03/2017,Leisure,0.00
29/03/2017,Food,43.22
29/03/2017,Shopping,823.98
30/03/2017,Food,40.62
01/04/2017,Housing,1700.00
01/04/2017,Food,0.00
01/04/2017,Utilities,300.00
01/04/2017,Health,0.00
01/04/2017,Shopping,0.00
01/04/2017,Leisure,0.00
01/04/2017,Other,0.00
04/04/2017,Food,44.40
06/04/2017,Health,64.32
08/04/2017,Health,76.29
13/04/2017,Food,43.84
13/04/2017,Shopping,0.00
15/04/2017,Food,43.71
15/04/2017,Health,0.00
16/04/2017,Food,43.58
17/04/2017,Health,130.47
17/04/2017,Leisure,55.14
18/04/2017,Leisure,194.37
24/04/2017,Food,42.31
28/04/2017,Food,42.18
01/05/2017,Housing,1700.00
01/05/2017,Food,0.00
01/05/2017,Utilities,300.00
01/05/2017,Health,0.00
01/05/2017,Shopping,0.00
01/05/2017,Leisure,0.00
01/05/2017,Other,0.00
01/05/2017,Food,46.56
02/05/2017,Food,45.82
02/05/2017,Shopping,355.77
04/05/2017,Food,44.61
06/05/2017,Food,44.47
07/05/2017,Other,212.15
10/05/2017,Food,43.70
10/05/2017,Shopping,103.09
11/05/2017,Food,43.26
14/05/2017,Food,43.13
16/05/2017,Food,43.00
20/05/2017,Leisure,62.74
24/05/2017,Food,42.73
26/05/2017,Shopping,17.07
28/05/2017,Food,42.55
28/05/2017,Other,0.00
29/05/2017,Food,42.42
01/06/2017,Housing,1700.00
01/06/2017,Food,0.00
01/06/2017,Utilities,300.00
01/06/2017,Health,0.00
01/06/2017,Shopping,0.00
01/06/2017,Leisure,0.00
01/06/2017,Other,0.00
03/06/2017,Food,46.19
04/06/2017,Health,59.34
07/06/2017,Other,325.58
10/06/2017,Food,43.39
12/06/2017,Food,43.26
13/06/2017,Shopping,0.00
16/06/2017,Other,137.74
20/06/2017,Food,43.99
22/06/2017,Food,43.86
22/06/2017,Leisure,339.71
28/06/2017,Other,295.82
29/06/2017,Food,41.82
01/07/2017,Housing,1700.00
01/07/2017,Food,0.00
01/07/2017,Utilities,300.00
01/07/2017,Health,0.00
01/07/2017,Shopping,0.00
01/07/2017,Leisure,0.00
01/07/2017,Other,0.00
01/07/2017,Food,46.20
02/07/2017,Food,45.46
07/07/2017,Food,45.32
10/07/2017,Leisure,219.79
16/07/2017,Food,44.53
17/07/2017,Food,44.39
17/07/2017,Leisure,314.84
20/07/2017,Food,43.32
21/07/2017,Food,43.19
24/07/2017,Food,43.06
26/07/2017,Food,42.93
28/07/2017,Food,42.80
29/07/2017,Other,151.25
31/07/2017,Health,150.67
01/08/2017,Housing,1700.00
01/08/2017,Food,0.00
01/08/2017,Utilities,300.00
01/08/2017,Health,0.00
01/08/2017,Shopping,0.00
01/08/2017,Leisure,0.00
01/08/2017,Other,0.00
02/08/2017,Shopping,0.00
04/08/2017,Food,45.65
06/08/2017,Food,45.52
10/08/2017,Food,45.38
14/08/2017,Food,44.55
14/08/2017,Health,95.32
16/08/2017,Food,44.13
17/08/2017,Food,43.99
20/08/2017,Food,43.86
20/08/2017,Leisure,315.29
22/08/2017,Food,42.78
23/08/2017,Food,42.66
23/08/2017,Leisure,88.50
26/08/2017,Shopping,153.44
28/08/2017,Food,41.80
01/09/2017,Housing,1700.00
01/09/2017,Food,0.00
01/09/2017,Utilities,300.00
01/09/2017,Health,0.00
01/09/2017,Shopping,0.00
01/09/2017,Leisure,0.00
01/09/2017,Other,0.00
01/09/2017,Food,46.18
03/09/2017,Food,45.44
06/09/2017,Food,45.30
06/09/2017,Health,205.13
07/09/2017,Food,44.55
07/09/2017,Utilities,85.23
07/09/2017,Shopping,0.00
08/09/2017,Other,257.81
11/09/2017,Leisure,480.69
14/09/2017,Food,41.95
15/09/2017,Food,41.82
16/09/2017,Food,41.69
17/09/2017,Food,41.58
19/09/2017,Food,41.45
24/09/2017,Health,73.44
26/09/2017,Food,41.11
26/09/2017,Leisure,435.24
29/09/2017,Utilities,70.48
29/09/2017,Health,73.36
30/09/2017,Food,39.25
01/10/2017,Housing,1700.00
01/10/2017,Food,0.00
01/10/2017,Utilities,300.00
01/10/2017,Health,0.00
01/10/2017,Shopping,0.00
01/10/2017,Leisure,0.00
01/10/2017,Other,0.00
01/10/2017,Food,43.63
02/10/2017,Food,42.90
03/10/2017,Food,42.77
06/10/2017,Food,42.64
07/10/2017,Leisure,222.27
11/10/2017,Food,41.85
13/10/2017,Food,41.72
14/10/2017,Food,41.60
18/10/2017,Food,41.47
19/10/2017,Shopping,0.00
20/10/2017,Food,41.35
20/10/2017,Other,180.27
23/10/2017,Food,40.68
28/10/2017,Food,40.56
28/10/2017,Health,54.47
30/10/2017,Food,40.28
01/11/2017,Housing,1700.00
01/11/2017,Food,0.00
01/11/2017,Utilities,300.00
01/11/2017,Health,0.00
01/11/2017,Shopping,0.00
01/11/2017,Leisure,0.00
01/11/2017,Other,0.00
01/11/2017,Food,44.66
04/11/2017,Food,43.92
07/11/2017,Shopping,0.00
08/11/2017,Food,43.80
13/11/2017,Shopping,0.00
15/11/2017,Other,156.36
17/11/2017,Other,19.30
24/11/2017,Food,43.14
29/11/2017,Food,43.01
30/11/2017,Food,42.88
01/12/2017,Housing,1700.00
01/12/2017,Food,0.00
01/12/2017,Utilities,300.00
01/12/2017,Health,0.00
01/12/2017,Shopping,0.00
01/12/2017,Leisure,0.00
01/12/2017,Other,0.00
02/12/2017,Shopping,186.57
04/12/2017,Food,46.18
04/12/2017,Utilities,38.83
06/12/2017,Food,45.92
11/12/2017,Food,45.78
11/12/2017,Leisure,331.57
14/12/2017,Food,45.29
14/12/2017,Other,0.00
15/12/2017,Leisure,603.66
18/12/2017,Other,94.07
20/12/2017,Food,43.06
21/12/2017,Food,42.92
31/12/2017,Food,42.79
01/01/2018,Housing,1700.00
01/01/2018,Food,0.00
01/01/2018,Utilities,300.00
01/01/2018,Health,0.00
01/01/2018,Shopping,0.00
01/01/2018,Leisure,0.00
01/01/2018,Other,0.00
03/01/2018,Leisure,666.15
04/01/2018,Food,45.17
06/01/2018,Food,45.05
07/01/2018,Food,44.92
13/01/2018,Shopping,1264.68
14/01/2018,Utilities,27.07
17/01/2018,Food,40.91
18/01/2018,Food,40.78
20/01/2018,Food,40.19
20/01/2018,Leisure,334.76
21/01/2018,Other,186.86
26/01/2018,Leisure,1108.61
28/01/2018,Food,34.67
01/02/2018,Housing,1700.00
01/02/2018,Food,0.00
01/02/2018,Utilities,300.00
01/02/2018,Health,0.00
01/02/2018,Shopping,0.00
01/02/2018,Leisure,0.00
01/02/2018,Other,0.00
03/02/2018,Food,39.07
05/02/2018,Housing,99.32
05/02/2018,Other,42.96
06/02/2018,Food,38.52
06/02/2018,Leisure,381.93
07/02/2018,Food,37.26
08/02/2018,Food,37.15
09/02/2018,Utilities,68.34
10/02/2018,Food,36.83
13/02/2018,Food,36.72
14/02/2018,Food,36.61
21/02/2018,Shopping,0.00
21/02/2018,Leisure,218.94
24/02/2018,Other,79.82
26/02/2018,Leisure,0.00
01/03/2018,Housing,1700.00
01/03/2018,Food,0.00
01/03/2018,Utilities,300.00
01/03/2018,Health,0.00
01/03/2018,Shopping,0.00
01/03/2018,Leisure,0.00
01/03/2018,Other,0.00
03/03/2018,Food,39.57
04/03/2018,Food,39.45
06/03/2018,Food,39.34
08/03/2018,Health,26.02
13/03/2018,Food,39.14
14/03/2018,Utilities,54.19
14/03/2018,Leisure,0.00
20/03/2018,Leisure,400.85
21/03/2018,Health,116.39
22/03/2018,Food,37.33
22/03/2018,Health,106.36
23/03/2018,Food,36.90
24/03/2018,Food,36.78
26/03/2018,Food,36.67
26/03/2018,Shopping,0.00
27/03/2018,Health,93.11
30/03/2018,Food,37.27
31/03/2018,Leisure,493.12
01/04/2018,Housing,1700.00
01/04/2018,Food,0.00
01/04/2018,Utilities,300.00
01/04/2018,Health,0.00
01/04/2018,Shopping,0.00
01/04/2018,Leisure,0.00
01/04/2018,Other,0.00
03/04/2018,Shopping,177.92
05/04/2018,Food,39.65
07/04/2018,Health,23.64
09/04/2018,Food,39.46
11/04/2018,Shopping,70.52
12/04/2018,Other,256.57
15/04/2018,Food,37.72
16/04/2018,Shopping,194.64
20/04/2018,Food,36.86
23/04/2018,Food,36.75
23/04/2018,Health,140.86
24/04/2018,Leisure,0.00
27/04/2018,Food,36.22
28/04/2018,Food,36.11
28/04/2018,Health,127.15
30/04/2018,Food,35.62
30/04/2018,Shopping,232.15
30/04/2018,Other,61.36
01/05/2018,Housing,1700.00
01/05/2018,Food,0.00
01/05/2018,Utilities,300.00
01/05/2018,Health,0.00
01/05/2018,Shopping,0.00
01/05/2018,Leisure,0.00
01/05/2018,Other,0.00
01/05/2018,Food,39.14
03/05/2018,Food,39.02
05/05/2018,Food,38.90
07/05/2018,Food,38.78
08/05/2018,Health,3.27
10/05/2018,Other,0.00
11/05/2018,Food,38.66
12/05/2018,Food,38.54
13/05/2018,Other,166.26
14/05/2018,Food,37.93
24/05/2018,Food,37.81
25/05/2018,Food,37.06
26/05/2018,Food,36.95
30/05/2018,Food,36.84
31/05/2018,Food,36.73
01/06/2018,Housing,1700.00
01/06/2018,Food,0.00
01/06/2018,Utilities,300.00
01/06/2018,Health,0.00
01/06/2018,Shopping,0.00
01/06/2018,Leisure,0.00
01/06/2018,Other,0.00
05/06/2018,Food,41.12
13/06/2018,Health,91.09
21/06/2018,Utilities,126.67
23/06/2018,Food,40.14
24/06/2018,Food,40.02
24/06/2018,Health,101.72
24/06/2018,Shopping,513.43
28/06/2018,Food,38.07
30/06/2018,Food,37.95
30/06/2018,Leisure,655.35
01/07/2018,Housing,1700.00
01/07/2018,Food,0.00
01/07/2018,Utilities,300.00
01/07/2018,Health,0.00
01/07/2018,Shopping,0.00
01/07/2018,Leisure,0.00
01/07/2018,Other,0.00
02/07/2018,Food,40.37
03/07/2018,Utilities,71.93
04/07/2018,Food,40.04
05/07/2018,Health,72.71
08/07/2018,Other,153.15
09/07/2018,Leisure,0.00
10/07/2018,Shopping,20.28
14/07/2018,Food,39.92
14/07/2018,Leisure,0.00
16/07/2018,Food,39.80
16/07/2018,Shopping,806.74
26/07/2018,Food,36.62
28/07/2018,Leisure,0.00
30/07/2018,Utilities,67.03
01/08/2018,Housing,1700.00
01/08/2018,Food,0.00
01/08/2018,Utilities,300.00
01/08/2018,Health,0.00
01/08/2018,Shopping,0.00
01/08/2018,Leisure,0.00
01/08/2018,Other,0.00
06/08/2018,Food,40.81
08/08/2018,Food,40.69
09/08/2018,Housing,102.53
09/08/2018,Health,188.89
12/08/2018,Utilities,72.49
13/08/2018,Health,201.61
17/08/2018,Food,38.87
20/08/2018,Leisure,171.47
20/08/2018,Other,184.31
24/08/2018,Housing,106.03
25/08/2018,Food,37.39
27/08/2018,Utilities,85.58
28/08/2018,Food,37.02
30/08/2018,Food,36.91
31/08/2018,Shopping,0.00
01/09/2018,Housing,1700.00
01/09/2018,Food,0.00
01/09/2018,Utilities,300.00
01/09/2018,Health,0.00
01/09/2018,Shopping,0.00
01/09/2018,Leisure,0.00
01/09/2018,Other,0.00
01/09/2018,Food,42.44
03/09/2018,Food,42.33
04/09/2018,Food,42.20
04/09/2018,Health,176.46
08/09/2018,Food,41.54
09/09/2018,Food,41.42
10/09/2018,Other,226.23
11/09/2018,Shopping,0.00
14/09/2018,Utilities,46.32
15/09/2018,Food,40.48
17/09/2018,Food,40.36
18/09/2018,Food,40.23
22/09/2018,Food,40.11
22/09/2018,Health,73.44
23/09/2018,Food,39.77
24/09/2018,Other,177.78
01/10/2018,Housing,1700.00
01/10/2018,Food,0.00
01/10/2018,Utilities,300.00
01/10/2018,Health,0.00
01/10/2018,Shopping,0.00
01/10/2018,Leisure,0.00
01/10/2018,Other,0.00
01/10/2018,Food,43.10
02/10/2018,Food,42.97
04/10/2018,Food,42.84
05/10/2018,Food,42.72
16/10/2018,Food,42.59
17/10/2018,Health,136.88
23/10/2018,Food,42.03
26/10/2018,Food,41.91
27/10/2018,Food,41.78
27/10/2018,Other,112.63
01/11/2018,Housing,1700.00
01/11/2018,Food,0.00
01/11/2018,Utilities,300.00
01/11/2018,Health,0.00
01/11/2018,Shopping,0.00
01/11/2018,Leisure,0.00
01/11/2018,Other,0.00
01/11/2018,Food,46.15
03/11/2018,Food,46.01
03/11/2018,Utilities,68.26
06/11/2018,Other,152.20
14/11/2018,Food,45.21
15/11/2018,Food,45.08
18/11/2018,Food,44.94
22/11/2018,Leisure,0.00
22/11/2018,Other,30.19
24/11/2018,Food,44.71
26/11/2018,Utilities,63.63
26/11/2018,Health,102.37
27/11/2018,Food,44.08
28/11/2018,Health,200.77
29/11/2018,Food,43.35
01/12/2018,Housing,1700.00
01/12/2018,Food,0.00
01/12/2018,Utilities,300.00
01/12/2018,Health,0.00
01/12/2018,Shopping,0.00
01/12/2018,Leisure,0.00
01/12/2018,Other,0.00
05/12/2018,Leisure,282.76
06/12/2018,Leisure,693.81
07/12/2018,Food,44.79
07/12/2018,Leisure,0.00
09/12/2018,Food,44.65
10/12/2018,Leisure,532.53
13/12/2018,Food,42.92
17/12/2018,Food,42.79
18/12/2018,Food,42.66
20/12/2018,Other,88.35
22/12/2018,Utilities,83.13
24/12/2018,Other,243.88
27/12/2018,Food,41.26
29/12/2018,Food,41.14
31/12/2018,Food,41.00
01/01/2019,Housing,1700.00
01/01/2019,Food,0.00
01/01/2019,Utilities,300.00
01/01/2019,Health,0.00
01/01/2019,Shopping,0.00
01/01/2019,Leisure,0.00
01/01/2019,Other,0.00
01/01/2019,Food,45.38
02/01/2019,Leisure,0.00
06/01/2019,Health,66.74
08/01/2019,Shopping,0.00
09/01/2019,Food,45.04
10/01/2019,Shopping,0.00
15/01/2019,Food,44.91
15/01/2019,Shopping,0.00
16/01/2019,Health,42.45
16/01/2019,Shopping,0.00
18/01/2019,Food,44.65
18/01/2019,Other,144.74
19/01/2019,Food,44.09
26/01/2019,Food,43.97
29/01/2019,Food,44.78
29/01/2019,Leisure,894.44
01/02/2019,Housing,1700.00
01/02/2019,Food,0.00
01/02/2019,Utilities,300.00
01/02/2019,Health,0.00
01/02/2019,Shopping,0.00
01/02/2019,Leisure,0.00
01/02/2019,Other,0.00
03/02/2019,Food,46.46
04/02/2019,Utilities,84.70
07/02/2019,Food,46.07
10/02/2019,Food,45.93
14/02/2019,Food,44.79
17/02/2019,Food,44.65
20/02/2019,Food,44.52
23/02/2019,Food,43.77
23/02/2019,Shopping,55.88
24/02/2019,Other,100.29
01/03/2019,Housing,1700.00
01/03/2019,Food,0.00
01/03/2019,Utilities,300.00
01/03/2019,Health,0.00
01/03/2019,Shopping,0.00
01/03/2019,Leisure,0.00
01/03/2019,Other,0.00
02/03/2019,Leisure,0.00
03/03/2019,Food,47.67
05/03/2019,Shopping,475.74
07/03/2019,Food,46.14
08/03/2019,Food,46.01
08/03/2019,Utilities,69.85
09/03/2019,Leisure,579.15
15/03/2019,Food,43.92
16/03/2019,Food,43.79
16/03/2019,Leisure,0.00
18/03/2019,Food,43.66
20/03/2019,Other,411.55
21/03/2019,Food,42.29
22/03/2019,Food,42.17
23/03/2019,Other,153.04
25/03/2019,Food,41.58
01/04/2019,Housing,1700.00
01/04/2019,Food,0.00
01/04/2019,Utilities,300.00
01/04/2019,Health,0.00
01/04/2019,Shopping,0.00
01/04/2019,Leisure,0.00
01/04/2019,Other,0.00
01/04/2019,Food,45.95
01/04/2019,Shopping,529.34
02/04/2019,Food,44.22
04/04/2019,Food,44.09
06/04/2019,Food,43.96
07/04/2019,Shopping,0.00
10/04/2019,Food,43.83
11/04/2019,Food,43.70
13/04/2019,Food,43.56
15/04/2019,Food,43.43
16/04/2019,Food,43.30
21/04/2019,Food,43.17
23/04/2019,Food,43.04
26/04/2019,Other,124.19
30/04/2019,Food,42.54
01/05/2019,Housing,1700.00
01/05/2019,Food,0.00
01/05/2019,Utilities,300.00
01/05/2019,Health,0.00
01/05/2019,Shopping,0.00
01/05/2019,Leisure,0.00
01/05/2019,Other,0.00
03/05/2019,Food,47.58
03/05/2019,Utilities,94.23
05/05/2019,Food,46.71
06/05/2019,Food,46.56
08/05/2019,Shopping,0.00
09/05/2019,Food,46.43
11/05/2019,Leisure,0.00
12/05/2019,Food,46.29
15/05/2019,Food,46.15
16/05/2019,Food,46.01
18/05/2019,Utilities,64.10
21/05/2019,Food,44.95
25/05/2019,Food,44.81
25/05/2019,Other,339.78
28/05/2019,Food,43.66
29/05/2019,Leisure,163.44
30/05/2019,Food,43.04
31/05/2019,Food,42.91
31/05/2019,Other,249.44
01/06/2019,Housing,1700.00
01/06/2019,Food,0.00
01/06/2019,Utilities,300.00
01/06/2019,Health,0.00
01/06/2019,Shopping,0.00
01/06/2019,Leisure,0.00
01/06/2019,Other,0.00
04/06/2019,Shopping,437.42
05/06/2019,Utilities,43.66
06/06/2019,Health,85.07
07/06/2019,Leisure,635.44
09/06/2019,Health,83.33
14/06/2019,Food,42.68
16/06/2019,Food,42.55
17/06/2019,Food,42.43
19/06/2019,Health,115.59
23/06/2019,Food,41.31
25/06/2019,Food,41.19
26/06/2019,Health,117.59
29/06/2019,Health,136.47
01/07/2019,Housing,1700.00
01/07/2019,Food,0.00
01/07/2019,Utilities,300.00
01/07/2019,Health,0.00
01/07/2019,Shopping,0.00
01/07/2019,Leisure,0.00
01/07/2019,Other,0.00
01/07/2019,Shopping,631.24
02/07/2019,Food,42.47
03/07/2019,Food,42.35
05/07/2019,Other,375.92
12/07/2019,Leisure,102.96
13/07/2019,Food,40.78
14/07/2019,Housing,97.61
14/07/2019,Food,40.66
15/07/2019,Food,40.25
18/07/2019,Leisure,26.12
21/07/2019,Food,40.05
25/07/2019,Food,39.92
26/07/2019,Leisure,0.00
30/07/2019,Food,39.79
31/07/2019,Shopping,298.99
01/08/2019,Housing,1700.00
01/08/2019,Food,0.00
01/08/2019,Utilities,300.00
01/08/2019,Health,0.00
01/08/2019,Shopping,0.00
01/08/2019,Leisure,0.00
01/08/2019,Other,0.00
03/08/2019,Food,43.27
09/08/2019,Food,43.14
14/08/2019,Food,43.02
18/08/2019,Food,42.89
18/08/2019,Other,75.41
19/08/2019,Food,42.53
20/08/2019,Leisure,0.00
20/08/2019,Other,99.73
23/08/2019,Food,42.10
25/08/2019,Food,41.98
26/08/2019,Food,41.85
28/08/2019,Health,42.19
30/08/2019,Shopping,110.41
30/08/2019,Other,131.04
01/09/2019,Housing,1700.00
01/09/2019,Food,0.00
01/09/2019,Utilities,300.00
01/09/2019,Health,0.00
01/09/2019,Shopping,0.00
01/09/2019,Leisure,0.00
01/09/2019,Other,0.00
03/09/2019,Other,321.61
04/09/2019,Health,188.27
08/09/2019,Food,43.81
08/09/2019,Utilities,94.21
09/09/2019,Food,43.40
10/09/2019,Food,42.78
13/09/2019,Shopping,0.00
14/09/2019,Food,43.39
14/09/2019,Health,117.20
15/09/2019,Food,42.91
18/09/2019,Shopping,0.00
21/09/2019,Food,42.78
22/09/2019,Food,42.66
22/09/2019,Utilities,99.79
23/09/2019,Health,85.76
25/09/2019,Food,41.97
29/09/2019,Food,41.35
01/10/2019,Housing,1700.00
01/10/2019,Food,0.00
01/10/2019,Utilities,300.00
01/10/2019,Health,0.00
01/10/2019,Shopping,0.00
01/10/2019,Leisure,0.00
01/10/2019,Other,0.00
02/10/2019,Food,45.73
05/10/2019,Food,45.59
08/10/2019,Food,45.45
10/10/2019,Food,45.32
10/10/2019,Leisure,0.00
13/10/2019,Food,45.18
14/10/2019,Other,115.03
16/10/2019,Leisure,26.12
17/10/2019,Shopping,394.35
18/10/2019,Food,43.44
19/10/2019,Leisure,0.00
31/10/2019,Health,136.09
01/11/2019,Housing,1700.00
01/11/2019,Food,0.00
01/11/2019,Utilities,300.00
01/11/2019,Health,0.00
01/11/2019,Shopping,0.00
01/11/2019,Leisure,0.00
01/11/2019,Other,0.00
05/11/2019,Food,49.30
07/11/2019,Food,49.15
09/11/2019,Food,49.00
14/11/2019,Leisure,0.00
15/11/2019,Food,48.85
15/11/2019,Shopping,0.00
16/11/2019,Leisure,0.00
20/11/2019,Food,49.19
22/11/2019,Food,49.04
22/11/2019,Leisure,276.10
23/11/2019,Food,48.07
23/11/2019,Leisure,0.00
24/11/2019,Leisure,389.65
25/11/2019,Food,46.75
26/11/2019,Food,46.61
27/11/2019,Food,46.47
27/11/2019,Health,181.42
01/12/2019,Housing,1700.00
01/12/2019,Food,0.00
01/12/2019,Utilities,300.00
01/12/2019,Health,0.00
01/12/2019,Shopping,0.00
01/12/2019,Leisure,0.00
01/12/2019,Other,0.00
01/12/2019,Food,50.29
02/12/2019,Food,50.14
03/12/2019,Food,49.99
07/12/2019,Food,48.99
07/12/2019,Utilities,54.02
09/12/2019,Food,48.68
13/12/2019,Food,48.53
16/12/2019,Food,48.39
21/12/2019,Food,48.24
25/12/2019,Food,47.34
26/12/2019,Other,224.03
28/12/2019,Food,46.52
30/12/2019,Food,46.38
31/12/2019,Food,46.25
01/01/2020,Housing,1700.00
01/01/2020,Food,0.00
01/01/2020,Utilities,300.00
01/01/2020,Health,0.00
01/01/2020,Shopping,0.00
01/01/2020,Leisure,0.00
01/01/2020,Other,0.00
07/01/2020,Food,50.61
08/01/2020,Food,50.45
15/01/2020,Food,50.30
19/01/2020,Other,48.38
21/01/2020,Food,50.01
22/01/2020,Shopping,0.00
23/01/2020,Health,88.07
23/01/2020,Shopping,0.00
01/02/2020,Housing,1700.00
01/02/2020,Food,0.00
01/02/2020,Utilities,300.00
01/02/2020,Health,0.00
01/02/2020,Shopping,0.00
01/02/2020,Leisure,0.00
01/02/2020,Other,0.00
01/02/2020,Food,54.87
04/02/2020,Food,53.48
06/02/2020,Food,53.32
08/02/2020,Utilities,74.65
10/02/2020,Food,52.93
11/02/2020,Health,59.03
12/02/2020,Other,275.60
16/02/2020,Leisure,983.46
16/02/2020,Other,296.32
17/02/2020,Other,205.55
18/02/2020,Food,47.31
19/02/2020,Food,47.17
25/02/2020,Food,47.03
27/02/2020,Food,46.89
29/02/2020,Food,46.75
01/03/2020,Housing,1700.00
01/03/2020,Food,0.00
01/03/2020,Utilities,300.00
01/03/2020,Health,0.00
01/03/2020,Shopping,0.00
01/03/2020,Leisure,0.00
01/03/2020,Other,0.00
03/03/2020,Food,51.27
08/03/2020,Leisure,0.00
09/03/2020,Food,51.14
10/03/2020,Leisure,373.54
12/03/2020,Leisure,0.00
13/03/2020,Food,49.87
16/03/2020,Food,49.72
26/03/2020,Food,49.57
28/03/2020,Health,161.92
30/03/2020,Shopping,0.00
01/04/2020,Housing,1700.00
01/04/2020,Food,0.00
01/04/2020,Utilities,300.00
01/04/2020,Health,0.00
01/04/2020,Shopping,0.00
01/04/2020,Leisure,0.00
01/04/2020,Other,0.00
02/04/2020,Food,53.43
04/04/2020,Food,53.27
04/04/2020,Health,150.17
05/04/2020,Food,52.13
05/04/2020,Utilities,96.14
07/04/2020,Food,51.69
08/04/2020,Food,51.53
10/04/2020,Food,51.38
11/04/2020,Food,51.22
12/04/2020,Shopping,0.00
17/04/2020,Food,51.07
20/04/2020,Utilities,126.71
23/04/2020,Food,51.33
25/04/2020,Food,51.17
25/04/2020,Health,160.61
01/05/2020,Housing,1700.00
01/05/2020,Food,0.00
01/05/2020,Utilities,300.00
01/05/2020,Health,0.00
01/05/2020,Shopping,0.00
01/05/2020,Leisure,0.00
01/05/2020,Other,0.00
01/05/2020,Food,55.04
03/05/2020,Food,54.87
04/05/2020,Housing,132.69
05/05/2020,Food,54.32
08/05/2020,Leisure,1397.16
09/05/2020,Leisure,0.00
10/05/2020,Food,51.49
15/05/2020,Health,1.22
19/05/2020,Food,51.33
25/05/2020,Food,51.18
27/05/2020,Food,51.03
31/05/2020,Food,50.87
01/06/2020,Housing,1700.00
01/06/2020,Food,0.00
01/06/2020,Utilities,300.00
01/06/2020,Health,0.00
01/06/2020,Shopping,0.00
01/06/2020,Leisure,0.00
01/06/2020,Other,0.00
03/06/2020,Other,253.90
04/06/2020,Shopping,0.00
05/06/2020,Shopping,576.04
06/06/2020,Food,52.09
07/06/2020,Health,116.25
10/06/2020,Utilities,44.26
12/06/2020,Food,51.45
14/06/2020,Health,209.75
15/06/2020,Shopping,682.93
18/06/2020,Health,154.18
19/06/2020,Food,47.43
19/06/2020,Health,39.48
20/06/2020,Food,47.17
21/06/2020,Food,47.02
25/06/2020,Food,46.88
29/06/2020,Food,46.74
01/07/2020,Housing,1700.00
01/07/2020,Food,0.00
01/07/2020,Utilities,300.00
01/07/2020,Health,0.00
01/07/2020,Shopping,0.00
01/07/2020,Leisure,0.00
01/07/2020,Other,0.00
03/07/2020,Food,51.10
05/07/2020,Food,50.95
06/07/2020,Shopping,0.00
10/07/2020,Housing,152.88
11/07/2020,Utilities,88.25
12/07/2020,Food,50.07
14/07/2020,Health,124.12
14/07/2020,Leisure,0.00
15/07/2020,Food,49.55
22/07/2020,Other,2.47
24/07/2020,Food,50.09
26/07/2020,Food,49.94
30/07/2020,Food,49.79
31/07/2020,Food,49.64
01/08/2020,Housing,1700.00
01/08/2020,Food,0.00
01/08/2020,Utilities,300.00
01/08/2020,Health,0.00
01/08/2020,Shopping,0.00
01/08/2020,Leisure,0.00
01/08/2020,Other,0.00
05/08/2020,Food,53.99
06/08/2020,Food,53.83
09/08/2020,Food,54.34
10/08/2020,Food,54.19
12/08/2020,Food,54.03
21/08/2020,Food,53.87
22/08/2020,Leisure,974.50
26/08/2020,Other,205.97
28/08/2020,Other,135.40
01/09/2020,Housing,1700.00
01/09/2020,Food,0.00
01/09/2020,Utilities,300.00
01/09/2020,Health,0.00
01/09/2020,Shopping,0.00
01/09/2020,Leisure,0.00
01/09/2020,Other,0.00
01/09/2020,Food,53.58
01/09/2020,Shopping,508.42
03/09/2020,Other,119.67
04/09/2020,Other,216.76
05/09/2020,Food,51.58
05/09/2020,Shopping,0.00
06/09/2020,Food,51.42
07/09/2020,Food,51.27
13/09/2020,Food,51.11
14/09/2020,Utilities,43.42
20/09/2020,Food,50.86
20/09/2020,Leisure,235.04
25/09/2020,Food,50.48
26/09/2020,Food,50.32
29/09/2020,Other,349.87
30/09/2020,Food,49.12
01/10/2020,Housing,1700.00
01/10/2020,Food,0.00
01/10/2020,Utilities,300.00
01/10/2020,Health,0.00
01/10/2020,Shopping,0.00
01/10/2020,Leisure,0.00
01/10/2020,Other,0.00
04/10/2020,Food,52.66
07/10/2020,Utilities,89.88
10/10/2020,Food,52.23
15/10/2020,Food,52.07
15/10/2020,Health,33.82
18/10/2020,Food,51.82
29/10/2020,Food,50.05
01/11/2020,Housing,1700.00
01/11/2020,Food,0.00
01/11/2020,Utilities,300.00
01/11/2020,Health,0.00
01/11/2020,Shopping,0.00
01/11/2020,Leisure,0.00
01/11/2020,Other,0.00
04/11/2020,Leisure,186.41
07/11/2020,Leisure,392.70
08/11/2020,Food,52.69
09/11/2020,Leisure,0.00
16/11/2020,Food,52.53
16/11/2020,Utilities,94.23
20/11/2020,Health,146.11
20/11/2020,Shopping,91.79
21/11/2020,Food,51.37
22/11/2020,Food,51.22
24/11/2020,Food,51.04
25/11/2020,Other,310.27
28/11/2020,Food,49.95
01/12/2020,Housing,1700.00
01/12/2020,Food,0.00
01/12/2020,Utilities,300.00
01/12/2020,Health,0.00
01/12/2020,Shopping,0.00
01/12/2020,Leisure,0.00
01/12/2020,Other,0.00
01/12/2020,Food,54.29
01/12/2020,Utilities,100.08
03/12/2020,Food,53.81
05/12/2020,Health,140.45
07/12/2020,Food,53.23
08/12/2020,Food,53.07
10/12/2020,Shopping,1018.28
11/12/2020,Health,47.68
12/12/2020,Food,49.71
14/12/2020,Food,49.56
18/12/2020,Food,49.41
19/12/2020,Other,145.41
20/12/2020,Other,243.54
21/12/2020,Health,91.57
24/12/2020,Food,47.85
26/12/2020,Food,47.70
28/12/2020,Food,47.56
29/12/2020,Food,47.42
30/12/2020,Health,86.72
01/01/2021,Housing,1700.00
01/01/2021,Food,0.00
01/01/2021,Utilities,300.00
01/01/2021,Health,0.00
01/01/2021,Shopping,0.00
01/01/2021,Leisure,0.00
01/01/2021,Other,0.00
02/01/2021,Food,51.51
04/01/2021,Food,51.36
05/01/2021,Food,51.21
05/01/2021,Health,115.07
07/01/2021,Food,50.71
10/01/2021,Food,50.56
13/01/2021,Food,50.40
18/01/2021,Food,50.25
20/01/2021,Food,50.10
23/01/2021,Utilities,88.89
25/01/2021,Food,49.68
28/01/2021,Food,49.54
28/01/2021,Shopping,0.00
30/01/2021,Food,49.39
30/01/2021,Other,67.62
01/02/2021,Housing,1700.00
01/02/2021,Food,0.00
01/02/2021,Utilities,300.00
01/02/2021,Health,0.00
01/02/2021,Shopping,0.00
01/02/2021,Leisure,0.00
01/02/2021,Other,0.00
03/02/2021,Health,97.17
06/02/2021,Food,53.24
07/02/2021,Food,53.08
08/02/2021,Food,52.93
11/02/2021,Food,52.77
12/02/2021,Leisure,0.00
15/02/2021,Health,117.47
16/02/2021,Food,52.27
16/02/2021,Health,45.22
17/02/2021,Food,51.98
19/02/2021,Health,70.00
22/02/2021,Food,51.61
27/02/2021,Food,51.46
01/03/2021,Housing,1700.00
01/03/2021,Food,0.00
01/03/2021,Utilities,300.00
01/03/2021,Health,0.00
01/03/2021,Shopping,0.00
01/03/2021,Leisure,0.00
01/03/2021,Other,0.00
04/03/2021,Food,55.81
07/03/2021,Food,55.64
08/03/2021,Leisure,137.77
09/03/2021,Shopping,0.00
11/03/2021,Food,54.16
15/03/2021,Food,54.00
21/03/2021,Shopping,408.77
25/03/2021,Food,51.78
27/03/2021,Food,51.63
28/03/2021,Food,51.47
01/04/2021,Housing,1700.00
01/04/2021,Food,0.00
01/04/2021,Utilities,300.00
01/04/2021,Health,0.00
01/04/2021,Shopping,0.00
01/04/2021,Leisure,0.00
01/04/2021,Other,0.00
13/04/2021,Other,230.77
19/04/2021,Food,55.14
21/04/2021,Housing,213.51
27/04/2021,Food,53.62
28/04/2021,Food,53.46
29/04/2021,Other,23.58
01/05/2021,Housing,1700.00
01/05/2021,Food,0.00
01/05/2021,Utilities,300.00
01/05/2021,Health,0.00
01/05/2021,Shopping,0.00
01/05/2021,Leisure,0.00
01/05/2021,Other,0.00
02/05/2021,Food,57.73
05/05/2021,Health,199.81
06/05/2021,Other,142.32
08/05/2021,Food,56.53
11/05/2021,Food,55.75
12/05/2021,Food,55.59
15/05/2021,Food,55.42
17/05/2021,Leisure,0.00
22/05/2021,Health,184.58
24/05/2021,Food,55.59
25/05/2021,Food,55.42
26/05/2021,Leisure,0.00
26/05/2021,Other,49.09
28/05/2021,Food,55.11
29/05/2021,Shopping,545.94
30/05/2021,Food,53.31
31/05/2021,Housing,99.35
01/06/2021,Housing,1700.00
01/06/2021,Food,0.00
01/06/2021,Utilities,300.00
01/06/2021,Health,0.00
01/06/2021,Shopping,0.00
01/06/2021,Leisure,0.00
01/06/2021,Other,0.00
01/06/2021,Food,57.35
09/06/2021,Utilities,131.88
11/06/2021,Utilities,106.47
11/06/2021,Other,80.43
13/06/2021,Shopping,60.59
16/06/2021,Leisure,0.00
17/06/2021,Shopping,0.00
18/06/2021,Food,56.04
20/06/2021,Health,0.00
22/06/2021,Food,55.87
23/06/2021,Leisure,850.49
25/06/2021,Utilities,127.45
26/06/2021,Food,52.77
29/06/2021,Food,52.61
01/07/2021,Housing,1700.00
01/07/2021,Food,0.00
01/07/2021,Utilities,300.00
01/07/2021,Health,0.00
01/07/2021,Shopping,0.00
01/07/2021,Leisure,0.00
01/07/2021,Other,0.00
01/07/2021,Food,56.95
01/07/2021,Health,57.17
03/07/2021,Shopping,453.61
06/07/2021,Leisure,0.00
06/07/2021,Other,255.64
09/07/2021,Food,54.84
13/07/2021,Food,54.68
13/07/2021,Health,117.97
14/07/2021,Other,335.62
15/07/2021,Shopping,0.00
18/07/2021,Other,52.15
20/07/2021,Food,52.99
21/07/2021,Food,52.84
22/07/2021,Food,52.68
25/07/2021,Other,0.00
30/07/2021,Other,129.47
01/08/2021,Housing,1700.00
01/08/2021,Food,0.00
01/08/2021,Utilities,300.00
01/08/2021,Health,0.00
01/08/2021,Shopping,0.00
01/08/2021,Leisure,0.00
01/08/2021,Other,0.00
08/08/2021,Food,56.63
08/08/2021,Utilities,58.95
09/08/2021,Leisure,220.57
11/08/2021,Food,55.62
13/08/2021,Food,55.46
17/08/2021,Food,55.29
19/08/2021,Food,55.12
22/08/2021,Utilities,64.19
28/08/2021,Leisure,899.26
01/09/2021,Housing,1700.00
01/09/2021,Food,0.00
01/09/2021,Utilities,300.00
01/09/2021,Health,0.00
01/09/2021,Shopping,0.00
01/09/2021,Leisure,0.00
01/09/2021,Other,0.00
01/09/2021,Food,56.57
16/09/2021,Food,56.40
16/09/2021,Utilities,86.45
18/09/2021,Food,55.97
18/09/2021,Leisure,0.00
24/09/2021,Food,55.79
30/09/2021,Food,55.62
01/10/2021,Housing,1700.00
01/10/2021,Food,0.00
01/10/2021,Utilities,300.00
01/10/2021,Health,0.00
01/10/2021,Shopping,0.00
01/10/2021,Leisure,0.00
01/10/2021,Other,0.00
02/10/2021,Food,59.95
02/10/2021,Leisure,0.00
06/10/2021,Food,59.77
08/10/2021,Food,58.45
08/10/2021,Other,57.84
10/10/2021,Utilities,123.08
11/10/2021,Food,57.73
13/10/2021,Food,57.55
15/10/2021,Food,57.38
17/10/2021,Food,57.21
17/10/2021,Utilities,91.44
24/10/2021,Food,56.76
30/10/2021,Food,56.59
30/10/2021,Other,0.00
31/10/2021,Utilities,138.57
01/11/2021,Housing,1700.00
01/11/2021,Food,0.00
01/11/2021,Utilities,300.00
01/11/2021,Health,0.00
01/11/2021,Shopping,0.00
01/11/2021,Leisure,0.00
01/11/2021,Other,0.00
01/11/2021,Food,60.51
02/11/2021,Food,60.33
06/11/2021,Food,60.15
07/11/2021,Food,59.97
08/11/2021,Other,28.87
10/11/2021,Food,59.70
13/11/2021,Food,59.52
14/11/2021,Food,60.51
17/11/2021,Food,60.32
19/11/2021,Food,60.14
20/11/2021,Food,59.96
20/11/2021,Shopping,161.34
30/11/2021,Food,58.31
30/11/2021,Other,88.78
01/12/2021,Housing,1700.00
01/12/2021,Food,0.00
01/12/2021,Utilities,300.00
01/12/2021,Health,0.00
01/12/2021,Shopping,0.00
01/12/2021,Leisure,0.00
01/12/2021,Other,0.00
02/12/2021,Food,62.37
03/12/2021,Food,62.18
04/12/2021,Food,62.01
05/12/2021,Food,61.83
07/12/2021,Food,61.64
11/12/2021,Food,61.46
18/12/2021,Food,61.27
21/12/2021,Food,61.09
23/12/2021,Utilities,55.56
23/12/2021,Health,50.86
24/12/2021,Food,60.56
25/12/2021,Food,60.38
26/12/2021,Food,59.02
27/12/2021,Food,58.84
28/12/2021,Food,58.67
29/12/2021,Shopping,190.16
30/12/2021,Food,57.92
01/01/2022,Housing,1700.00
01/01/2022,Food,0.00
01/01/2022,Utilities,300.00
01/01/2022,Health,0.00
01/01/2022,Shopping,0.00
01/01/2022,Leisure,0.00
01/01/2022,Other,0.00
02/01/2022,Food,62.25
03/01/2022,Food,62.77
06/01/2022,Food,62.59
11/01/2022,Shopping,1080.37
12/01/2022,Other,7.01
19/01/2022,Food,59.14
20/01/2022,Food,58.96
21/01/2022,Food,58.78
23/01/2022,Food,58.61
23/01/2022,Health,71.32
25/01/2022,Food,58.22
27/01/2022,Shopping,643.19
01/02/2022,Housing,1700.00
01/02/2022,Food,0.00
01/02/2022,Utilities,300.00
01/02/2022,Health,0.00
01/02/2022,Shopping,0.00
01/02/2022,Leisure,0.00
01/02/2022,Other,0.00
03/02/2022,Food,60.61
04/02/2022,Food,61.20
07/02/2022,Food,61.01
08/02/2022,Food,60.83
09/02/2022,Food,60.65
09/02/2022,Other,0.00
12/02/2022,Food,60.47
14/02/2022,Food,60.29
15/02/2022,Food,60.10
16/02/2022,Other,169.69
17/02/2022,Other,126.01
23/02/2022,Shopping,796.64
27/02/2022,Food,56.65
28/02/2022,Food,56.48
01/03/2022,Housing,1700.00
01/03/2022,Food,0.00
01/03/2022,Utilities,300.00
01/03/2022,Health,0.00
01/03/2022,Shopping,0.00
01/03/2022,Leisure,0.00
01/03/2022,Other,0.00
05/03/2022,Other,72.18
09/03/2022,Leisure,0.00
12/03/2022,Food,60.59
18/03/2022,Food,61.08
19/03/2022,Food,60.90
26/03/2022,Other,30.62
30/03/2022,Food,60.62
31/03/2022,Health,123.36
01/04/2022,Housing,1700.00
01/04/2022,Food,0.00
01/04/2022,Utilities,300.00
01/04/2022,Health,0.00
01/04/2022,Shopping,0.00
01/04/2022,Leisure,0.00
01/04/2022,Other,0.00
01/04/2022,Food,64.57
03/04/2022,Food,64.38
03/04/2022,Health,202.23
07/04/2022,Other,141.34
09/04/2022,Leisure,0.00
10/04/2022,Food,63.15
14/04/2022,Leisure,0.00
16/04/2022,Food,63.00
20/04/2022,Food,62.81
28/04/2022,Food,61.78
29/04/2022,Shopping,581.27
01/05/2022,Housing,1700.00
01/05/2022,Food,0.00
01/05/2022,Utilities,300.00
01/05/2022,Health,0.00
01/05/2022,Shopping,0.00
01/05/2022,Leisure,0.00
01/05/2022,Other,0.00
01/05/2022,Food,64.35
02/05/2022,Leisure,0.00
05/05/2022,Other,70.55
09/05/2022,Food,63.94
14/05/2022,Food,63.75
18/05/2022,Food,63.56
24/05/2022,Food,63.37
24/05/2022,Leisure,913.42
25/05/2022,Food,60.44
27/05/2022,Food,60.26
29/05/2022,Food,60.08
29/05/2022,Leisure,0.00
01/06/2022,Housing,1700.00
01/06/2022,Food,0.00
01/06/2022,Utilities,300.00
01/06/2022,Health,0.00
01/06/2022,Shopping,0.00
01/06/2022,Leisure,0.00
01/06/2022,Other,0.00
01/06/2022,Food,64.40
04/06/2022,Food,64.21
04/06/2022,Other,393.45
05/06/2022,Food,62.83
06/06/2022,Food,62.65
07/06/2022,Food,62.46
09/06/2022,Food,62.27
10/06/2022,Food,62.08
11/06/2022,Other,185.35
12/06/2022,Food,59.96
15/06/2022,Food,59.78
19/06/2022,Food,59.60
21/06/2022,Leisure,0.00
23/06/2022,Food,59.42
25/06/2022,Food,59.28
28/06/2022,Health,80.61
01/07/2022,Housing,1700.00
01/07/2022,Food,0.00
01/07/2022,Utilities,300.00
01/07/2022,Health,0.00
01/07/2022,Shopping,0.00
01/07/2022,Leisure,0.00
01/07/2022,Other,0.00
02/07/2022,Food,63.36
08/07/2022,Food,63.17
09/07/2022,Leisure,0.00
14/07/2022,Food,62.98
17/07/2022,Food,62.79
20/07/2022,Other,252.74
21/07/2022,Food,61.84
21/07/2022,Leisure,309.60
30/07/2022,Utilities,62.83
31/07/2022,Food,60.52
31/07/2022,Other,75.82
01/08/2022,Housing,1700.00
01/08/2022,Food,0.00
01/08/2022,Utilities,300.00
01/08/2022,Health,0.00
01/08/2022,Shopping,0.00
01/08/2022,Leisure,0.00
01/08/2022,Other,0.00
02/08/2022,Food,64.62
02/08/2022,Other,198.18
05/08/2022,Utilities,83.78
07/08/2022,Other,196.87
08/08/2022,Food,62.99
09/08/2022,Food,62.80
11/08/2022,Leisure,1287.01
12/08/2022,Food,58.75
15/08/2022,Leisure,0.00
16/08/2022,Health,48.72
17/08/2022,Utilities,70.28
20/08/2022,Food,58.20
20/08/2022,Other,112.21
22/08/2022,Food,57.69
23/08/2022,Utilities,82.36
24/08/2022,Utilities,83.94
25/08/2022,Health,85.90
25/08/2022,Shopping,0.00
26/08/2022,Food,56.76
29/08/2022,Housing,191.91
01/09/2022,Housing,1700.00
01/09/2022,Food,0.00
01/09/2022,Utilities,300.00
01/09/2022,Health,0.00
01/09/2022,Shopping,0.00
01/09/2022,Leisure,0.00
01/09/2022,Other,0.00
04/09/2022,Food,60.51
06/09/2022,Food,60.33
07/09/2022,Housing,176.76
07/09/2022,Food,60.15
08/09/2022,Shopping,174.68
09/09/2022,Food,58.91
12/09/2022,Food,59.46
15/09/2022,Food,59.29
15/09/2022,Health,196.81
18/09/2022,Other,86.62
20/09/2022,Food,58.26
25/09/2022,Housing,100.75
26/09/2022,Shopping,0.00
27/09/2022,Food,57.00
28/09/2022,Food,56.82
28/09/2022,Health,135.90
29/09/2022,Food,56.25
29/09/2022,Health,127.89
01/10/2022,Housing,1700.00
01/10/2022,Food,0.00
01/10/2022,Utilities,300.00
01/10/2022,Health,0.00
01/10/2022,Shopping,0.00
01/10/2022,Leisure,0.00
01/10/2022,Other,0.00
01/10/2022,Food,60.19
03/10/2022,Food,60.01
04/10/2022,Food,59.83
06/10/2022,Other,339.29
10/10/2022,Leisure,676.69
12/10/2022,Food,56.61
16/10/2022,Food,56.42
17/10/2022,Leisure,0.00
18/10/2022,Food,56.25
19/10/2022,Food,56.08
20/10/2022,Food,55.92
21/10/2022,Leisure,171.88
22/10/2022,Other,166.90
26/10/2022,Food,53.30
28/10/2022,Other,4.45
29/10/2022,Food,53.13
31/10/2022,Food,52.97
01/11/2022,Housing,1700.00
01/11/2022,Food,0.00
01/11/2022,Utilities,300.00
01/11/2022,Health,0.00
01/11/2022,Shopping,0.00
01/11/2022,Leisure,0.00
01/11/2022,Other,0.00
01/11/2022,Food,57.31
03/11/2022,Food,57.14
07/11/2022,Health,94.49
09/11/2022,Health,0.00
11/11/2022,Health,75.90
13/11/2022,Health,77.74
15/11/2022,Food,57.87
16/11/2022,Shopping,0.00
17/11/2022,Health,166.07
18/11/2022,Food,57.20
19/11/2022,Food,57.03
19/11/2022,Health,64.83
24/11/2022,Food,56.66
24/11/2022,Leisure,447.87
24/11/2022,Other,0.00
25/11/2022,Utilities,49.23
26/11/2022,Health,77.38
28/11/2022,Food,54.77
30/11/2022,Food,54.60
01/12/2022,Housing,1700.00
01/12/2022,Food,0.00
01/12/2022,Utilities,300.00
01/12/2022,Health,0.00
01/12/2022,Shopping,0.00
01/12/2022,Leisure,0.00
01/12/2022,Other,0.00
01/12/2022,Food,58.94
02/12/2022,Health,61.55
03/12/2022,Food,58.58
09/12/2022,Leisure,895.16
10/12/2022,Food,55.71
12/12/2022,Food,54.71
14/12/2022,Food,54.55
17/12/2022,Other,237.97
22/12/2022,Food,53.01
22/12/2022,Utilities,81.61
24/12/2022,Health,43.29
25/12/2022,Health,163.18
25/12/2022,Leisure,322.67
